datetime,T5
2021-04-11 19:52:59,0.0
2021-04-11 19:53:39,295.941
2021-04-11 19:54:19,295.99
2021-04-11 19:54:59,295.95
2021-04-11 19:55:41,295.926
2021-04-11 19:56:21,296.035
2021-04-11 19:57:01,295.977
2021-04-11 20:01:20,0.0
2021-04-11 20:01:59,296.033
2021-04-11 20:02:39,296.09
2021-04-11 20:03:19,296.004
2021-04-11 20:03:59,295.942
2021-04-11 20:04:40,295.878
2021-04-11 20:05:20,295.965
2021-04-11 20:06:00,296.031
2021-04-11 20:06:40,296.024
2021-04-11 20:07:20,295.906
2021-04-11 20:08:00,295.804
2021-04-11 20:08:40,295.895
2021-04-11 20:09:20,295.764
2021-04-11 20:10:00,295.705
2021-04-11 20:10:40,295.8
2021-04-11 20:11:21,295.604
2021-04-11 20:12:01,295.656
2021-04-11 20:12:41,295.672
2021-04-11 20:13:21,295.75
2021-04-11 20:14:01,295.711
2021-04-11 20:14:41,295.531
2021-04-11 20:15:21,295.573
2021-04-11 20:16:01,295.712
2021-04-11 20:16:41,295.601
2021-04-11 20:17:22,295.609
2021-04-11 20:18:02,295.576
2021-04-11 20:18:42,295.497
2021-04-11 20:19:22,295.518
2021-04-11 20:20:02,295.473
2021-04-11 20:20:42,295.558
2021-04-11 20:21:22,295.601
2021-04-11 20:22:03,295.55
2021-04-11 20:22:43,295.573
2021-04-11 20:23:23,295.461
2021-04-11 20:24:03,295.57
2021-04-11 20:24:43,295.417
2021-04-11 20:25:23,295.648
2021-04-11 20:26:03,295.63
2021-04-11 20:26:43,295.609
2021-04-11 20:27:23,295.597
2021-04-11 20:28:04,295.645
2021-04-11 20:28:44,295.563
2021-04-11 20:29:24,295.674
2021-04-11 20:30:04,295.457
2021-04-11 20:30:44,295.647
2021-04-11 20:31:24,295.598
2021-04-11 20:32:04,295.667
2021-04-11 20:32:44,295.495
2021-04-11 20:33:25,295.641
2021-04-11 20:34:05,295.633
2021-04-11 20:34:45,295.528
2021-04-11 20:35:25,295.581
2021-04-11 20:36:05,295.587
2021-04-11 20:36:45,295.518
2021-04-11 20:37:25,295.614
2021-04-11 20:38:05,295.527
2021-04-11 20:38:45,295.591
2021-04-11 20:39:25,295.634
2021-04-11 20:40:06,295.505
2021-04-11 20:40:46,295.703
2021-04-11 20:41:26,295.667
2021-04-11 20:42:06,295.606
2021-04-11 20:42:46,295.524
2021-04-11 20:43:26,295.52
2021-04-11 20:44:06,295.46
2021-04-11 20:44:46,295.539
2021-04-11 20:45:26,295.579
2021-04-11 20:46:07,295.606
2021-04-11 20:46:47,295.595
2021-04-11 20:47:27,295.495
2021-04-11 20:48:07,295.561
2021-04-11 20:48:47,295.673
2021-04-11 20:49:27,295.568
2021-04-11 20:50:07,295.578
2021-04-11 20:50:47,295.62
2021-04-11 20:51:28,295.551
2021-04-11 20:52:08,295.629
2021-04-11 20:52:48,295.564
2021-04-11 20:53:28,295.549
2021-04-11 20:54:08,295.584
2021-04-11 20:54:48,295.559
2021-04-11 20:55:28,295.472
2021-04-11 20:56:08,295.519
2021-04-11 20:56:48,295.542
2021-04-11 20:57:29,295.588
2021-04-11 20:58:09,295.646
2021-04-11 20:58:49,295.645
2021-04-11 20:59:29,295.472
2021-04-11 21:00:09,295.546
2021-04-11 21:00:49,295.614
2021-04-11 21:01:29,295.476
2021-04-11 21:02:09,295.51
2021-04-11 21:02:50,295.57
2021-04-11 21:03:30,295.574
2021-04-11 21:04:10,295.538
2021-04-11 21:04:50,295.603
2021-04-11 21:05:30,295.685
2021-04-11 21:06:10,295.436
2021-04-11 21:06:50,295.604
2021-04-11 21:07:31,295.576
2021-04-11 21:08:11,295.653
2021-04-11 21:08:51,295.508
2021-04-11 21:09:31,295.534
2021-04-11 21:10:11,295.505
2021-04-11 21:10:51,295.442
2021-04-11 21:11:31,295.491
2021-04-11 21:12:11,295.466
2021-04-11 21:12:51,295.628
2021-04-11 21:13:32,295.537
2021-04-11 21:14:12,295.583
2021-04-11 21:14:52,295.649
2021-04-11 21:15:32,295.559
2021-04-11 21:16:12,295.563
2021-04-11 21:16:52,295.51
2021-04-11 21:17:32,295.545
2021-04-11 21:18:12,295.56
2021-04-11 21:18:53,295.551
2021-04-11 21:19:33,295.594
2021-04-11 21:20:13,295.664
2021-04-11 21:20:53,295.65
2021-04-11 21:21:33,295.507
2021-04-11 21:22:13,295.524
2021-04-11 21:22:53,295.529
2021-04-11 21:23:33,295.578
2021-04-11 21:24:14,295.558
2021-04-11 21:24:54,295.437
2021-04-11 21:25:34,295.52
2021-04-11 21:26:14,295.485
2021-04-11 21:26:54,295.494
2021-04-11 21:27:34,295.6
2021-04-11 21:28:14,295.574
2021-04-11 21:28:54,295.461
2021-04-11 21:29:34,295.532
2021-04-11 21:30:15,295.446
2021-04-11 21:30:55,295.49
2021-04-11 21:31:35,295.529
2021-04-11 21:32:15,295.483
2021-04-11 21:32:55,295.643
2021-04-11 21:33:35,295.447
2021-04-11 21:34:15,295.544
2021-04-11 21:34:55,295.46
2021-04-11 21:35:35,295.542
2021-04-11 21:36:15,295.534
2021-04-11 21:36:56,295.546
2021-04-11 21:37:36,295.36
2021-04-11 21:38:16,295.477
2021-04-11 21:38:56,295.486
2021-04-11 21:39:36,295.506
2021-04-11 21:40:16,295.437
2021-04-11 21:40:57,295.494
2021-04-11 21:41:37,295.335
2021-04-11 21:42:17,295.516
2021-04-11 21:42:57,295.395
2021-04-11 21:43:37,295.387
2021-04-11 21:44:17,295.336
2021-04-11 21:44:57,295.382
2021-04-11 21:45:37,295.445
2021-04-11 21:46:17,295.209
2021-04-11 21:46:58,295.12
2021-04-11 21:47:38,295.181
2021-04-11 21:48:18,295.037
2021-04-11 21:48:58,295.167
2021-04-11 21:49:38,295.023
2021-04-11 21:50:18,295.045
2021-04-11 21:50:58,294.815
2021-04-11 21:51:38,294.971
2021-04-11 21:52:18,294.708
2021-04-11 21:52:58,294.678
2021-04-11 21:53:39,294.866
2021-04-11 21:54:19,294.605
2021-04-11 21:54:59,294.542
2021-04-11 21:55:39,294.629
2021-04-11 21:56:19,294.319
2021-04-11 21:56:59,294.374
2021-04-11 21:57:39,294.242
2021-04-11 21:58:19,294.124
2021-04-11 21:58:59,294.1
2021-04-11 21:59:40,293.961
2021-04-11 22:00:20,293.824
2021-04-11 22:01:00,293.832
2021-04-11 22:01:40,293.737
2021-04-11 22:02:20,293.571
2021-04-11 22:03:00,293.366
2021-04-11 22:03:40,293.49
2021-04-11 22:04:20,293.299
2021-04-11 22:05:00,293.212
2021-04-11 22:05:41,293.168
2021-04-11 22:06:21,292.95
2021-04-11 22:07:01,292.854
2021-04-11 22:07:41,292.774
2021-04-11 22:08:21,292.6
2021-04-11 22:09:01,292.468
2021-04-11 22:09:41,292.346
2021-04-11 22:10:21,292.228
2021-04-11 22:11:01,292.097
2021-04-11 22:11:41,292.008
2021-04-11 22:12:22,291.757
2021-04-11 22:13:02,291.598
2021-04-11 22:13:42,291.588
2021-04-11 22:14:22,291.428
2021-04-11 22:15:02,291.188
2021-04-11 22:15:42,291.047
2021-04-11 22:16:22,290.925
2021-04-11 22:17:02,290.977
2021-04-11 22:17:42,290.637
2021-04-11 22:18:23,290.407
2021-04-11 22:19:03,290.285
2021-04-11 22:19:43,290.165
2021-04-11 22:20:23,289.929
2021-04-11 22:21:03,289.76
2021-04-11 22:21:43,289.724
2021-04-11 22:22:23,289.519
2021-04-11 22:23:04,289.225
2021-04-11 22:23:44,289.124
2021-04-11 22:24:24,288.964
2021-04-11 22:25:04,288.79
2021-04-11 22:25:44,288.511
2021-04-11 22:26:24,288.268
2021-04-11 22:27:04,288.199
2021-04-11 22:27:44,287.974
2021-04-11 22:28:24,287.824
2021-04-11 22:29:05,287.592
2021-04-11 22:29:45,287.423
2021-04-11 22:30:25,287.251
2021-04-11 22:31:05,287.02
2021-04-11 22:31:45,286.726
2021-04-11 22:32:25,286.602
2021-04-11 22:33:05,286.356
2021-04-11 22:33:45,286.142
2021-04-11 22:34:25,285.993
2021-04-11 22:35:05,285.746
2021-04-11 22:35:46,285.672
2021-04-11 22:36:26,285.356
2021-04-11 22:37:06,285.215
2021-04-11 22:37:46,284.841
2021-04-11 22:38:26,284.688
2021-04-11 22:39:06,284.547
2021-04-11 22:39:46,284.358
2021-04-11 22:40:26,284.099
2021-04-11 22:41:07,283.931
2021-04-11 22:41:47,283.66
2021-04-11 22:42:27,283.459
2021-04-11 22:43:07,283.312
2021-04-11 22:43:47,283.028
2021-04-11 22:44:27,282.795
2021-04-11 22:45:07,282.57
2021-04-11 22:45:47,282.457
2021-04-11 22:46:27,282.111
2021-04-11 22:47:07,282.003
2021-04-11 22:47:48,281.734
2021-04-11 22:48:28,281.302
2021-04-11 22:49:08,281.179
2021-04-11 22:49:48,280.929
2021-04-11 22:50:28,280.716
2021-04-11 22:51:08,280.387
2021-04-11 22:51:48,280.191
2021-04-11 22:52:28,279.943
2021-04-11 22:53:09,279.643
2021-04-11 22:53:49,279.437
2021-04-11 22:54:29,279.265
2021-04-11 22:55:09,278.991
2021-04-11 22:55:49,278.715
2021-04-11 22:56:29,278.368
2021-04-11 22:57:09,278.176
2021-04-11 22:57:49,278.009
2021-04-11 22:58:29,277.469
2021-04-11 22:59:09,277.504
2021-04-11 22:59:50,277.016
2021-04-11 23:00:30,276.838
2021-04-11 23:01:10,276.708
2021-04-11 23:01:50,276.375
2021-04-11 23:02:30,276.15
2021-04-11 23:03:10,275.745
2021-04-11 23:03:50,275.508
2021-04-11 23:04:30,275.389
2021-04-11 23:05:11,274.881
2021-04-11 23:05:51,274.64
2021-04-11 23:06:31,274.425
2021-04-11 23:07:11,274.234
2021-04-11 23:07:51,273.939
2021-04-11 23:08:31,273.8
2021-04-11 23:09:11,273.479
2021-04-11 23:09:51,273.211
2021-04-11 23:10:31,272.926
2021-04-11 23:11:12,272.721
2021-04-11 23:11:52,272.366
2021-04-11 23:12:32,272.153
2021-04-11 23:13:12,271.947
2021-04-11 23:13:52,271.647
2021-04-11 23:14:32,271.348
2021-04-11 23:15:12,270.964
2021-04-11 23:15:52,270.878
2021-04-11 23:16:32,270.519
2021-04-11 23:17:13,270.337
2021-04-11 23:17:53,269.989
2021-04-11 23:18:33,269.689
2021-04-11 23:19:13,269.371
2021-04-11 23:19:53,269.116
2021-04-11 23:20:33,268.826
2021-04-11 23:21:13,268.629
2021-04-11 23:21:53,268.315
2021-04-11 23:22:33,268.065
2021-04-11 23:23:14,267.625
2021-04-11 23:23:54,267.397
2021-04-11 23:24:34,267.129
2021-04-11 23:25:14,266.791
2021-04-11 23:25:54,266.517
2021-04-11 23:26:34,266.09
2021-04-11 23:27:14,265.881
2021-04-11 23:27:54,265.64
2021-04-11 23:28:35,265.343
2021-04-11 23:29:15,264.891
2021-04-11 23:29:55,264.635
2021-04-11 23:30:35,264.338
2021-04-11 23:31:15,264.044
2021-04-11 23:31:55,263.814
2021-04-11 23:32:35,263.376
2021-04-11 23:33:15,263.141
2021-04-11 23:33:56,262.945
2021-04-11 23:34:36,262.552
2021-04-11 23:35:16,262.286
2021-04-11 23:35:56,261.923
2021-04-11 23:36:36,261.73
2021-04-11 23:37:16,261.374
2021-04-11 23:37:56,260.987
2021-04-11 23:38:36,260.659
2021-04-11 23:39:16,260.548
2021-04-11 23:39:57,260.16
2021-04-11 23:40:37,259.857
2021-04-11 23:41:17,259.478
2021-04-11 23:41:57,259.242
2021-04-11 23:42:37,258.918
2021-04-11 23:43:17,258.622
2021-04-11 23:43:57,258.41
2021-04-11 23:44:37,257.956
2021-04-11 23:45:17,257.568
2021-04-11 23:45:58,257.395
2021-04-11 23:46:38,257.148
2021-04-11 23:47:18,256.813
2021-04-11 23:47:58,256.45
2021-04-11 23:48:38,256.078
2021-04-11 23:49:18,255.908
2021-04-11 23:49:58,255.504
2021-04-11 23:50:38,255.276
2021-04-11 23:51:19,254.962
2021-04-11 23:51:59,254.7
2021-04-11 23:52:39,254.351
2021-04-11 23:53:19,254.048
2021-04-11 23:53:59,253.658
2021-04-11 23:54:39,253.473
2021-04-11 23:55:19,253.094
2021-04-11 23:55:59,252.925
2021-04-11 23:56:39,252.472
2021-04-11 23:57:20,252.201
2021-04-11 23:58:00,251.931
2021-04-11 23:58:40,251.64
2021-04-11 23:59:20,251.326
2021-04-12 00:00:00,250.942
2021-04-12 00:00:40,250.618
2021-04-12 00:01:20,250.407
2021-04-12 00:02:00,249.992
2021-04-12 00:02:40,249.776
2021-04-12 00:03:21,249.483
2021-04-12 00:04:01,249.147
2021-04-12 00:04:41,248.866
2021-04-12 00:05:21,248.458
2021-04-12 00:06:01,248.188
2021-04-12 00:06:41,247.912
2021-04-12 00:07:21,247.63
2021-04-12 00:08:01,247.268
2021-04-12 00:08:42,246.939
2021-04-12 00:09:22,246.655
2021-04-12 00:10:02,246.342
2021-04-12 00:10:42,246.059
2021-04-12 00:11:22,245.709
2021-04-12 00:12:02,245.455
2021-04-12 00:12:42,245.2
2021-04-12 00:13:22,244.87
2021-04-12 00:14:02,244.499
2021-04-12 00:14:43,244.223
2021-04-12 00:15:23,243.908
2021-04-12 00:16:03,243.658
2021-04-12 00:16:43,243.361
2021-04-12 00:17:23,243.002
2021-04-12 00:18:03,242.733
2021-04-12 00:18:43,242.43
2021-04-12 00:19:23,242.027
2021-04-12 00:20:04,241.799
2021-04-12 00:20:44,241.481
2021-04-12 00:21:24,241.229
2021-04-12 00:22:04,240.929
2021-04-12 00:22:44,240.547
2021-04-12 00:23:24,240.369
2021-04-12 00:24:04,240.025
2021-04-12 00:24:45,239.711
2021-04-12 00:25:25,239.384
2021-04-12 00:26:05,238.788
2021-04-12 00:26:45,238.466
2021-04-12 00:27:25,238.169
2021-04-12 00:28:05,237.85
2021-04-12 00:28:46,237.578
2021-04-12 00:29:26,237.236
2021-04-12 00:30:06,236.962
2021-04-12 00:30:46,236.699
2021-04-12 00:31:26,236.299
2021-04-12 00:32:06,236.017
2021-04-12 00:32:46,235.732
2021-04-12 00:33:26,235.472
2021-04-12 00:34:06,235.13
2021-04-12 00:34:46,234.897
2021-04-12 00:35:27,234.601
2021-04-12 00:36:07,234.291
2021-04-12 00:36:47,233.976
2021-04-12 00:37:27,233.601
2021-04-12 00:38:07,233.377
2021-04-12 00:38:47,233.085
2021-04-12 00:39:27,232.75
2021-04-12 00:40:07,232.454
2021-04-12 00:40:48,232.2
2021-04-12 00:41:28,231.903
2021-04-12 00:42:08,231.572
2021-04-12 00:42:48,231.291
2021-04-12 00:43:28,230.961
2021-04-12 00:44:08,230.692
2021-04-12 00:44:48,230.356
2021-04-12 00:45:28,230.155
2021-04-12 00:46:09,229.834
2021-04-12 00:46:49,229.483
2021-04-12 00:47:29,229.254
2021-04-12 00:48:09,228.937
2021-04-12 00:48:49,228.56
2021-04-12 00:49:29,228.304
2021-04-12 00:50:09,228.038
2021-04-12 00:50:49,227.672
2021-04-12 00:51:29,227.415
2021-04-12 00:52:10,227.202
2021-04-12 00:52:50,226.788
2021-04-12 00:53:30,226.508
2021-04-12 00:54:10,226.301
2021-04-12 00:54:50,225.957
2021-04-12 00:55:30,225.661
2021-04-12 00:56:10,225.455
2021-04-12 00:56:50,224.985
2021-04-12 00:57:31,224.809
2021-04-12 00:58:11,224.488
2021-04-12 00:58:51,224.155
2021-04-12 00:59:31,223.976
2021-04-12 01:00:11,223.617
2021-04-12 01:00:51,223.315
2021-04-12 01:01:31,223.029
2021-04-12 01:02:11,222.692
2021-04-12 01:02:51,222.531
2021-04-12 01:03:32,222.204
2021-04-12 01:04:12,221.856
2021-04-12 01:04:52,221.649
2021-04-12 01:05:32,221.293
2021-04-12 01:06:12,220.993
2021-04-12 01:06:52,220.783
2021-04-12 01:07:32,220.446
2021-04-12 01:08:12,220.172
2021-04-12 01:08:53,219.819
2021-04-12 01:09:33,219.572
2021-04-12 01:10:13,219.279
2021-04-12 01:10:53,218.981
2021-04-12 01:11:33,218.792
2021-04-12 01:12:13,218.456
2021-04-12 01:12:53,218.144
2021-04-12 01:13:33,217.897
2021-04-12 01:14:13,217.586
2021-04-12 01:14:54,217.328
2021-04-12 01:15:34,217.03
2021-04-12 01:16:14,216.737
2021-04-12 01:16:54,216.524
2021-04-12 01:17:34,216.204
2021-04-12 01:18:14,215.952
2021-04-12 01:18:54,215.636
2021-04-12 01:19:35,215.275
2021-04-12 01:20:15,214.946
2021-04-12 01:20:55,214.73
2021-04-12 01:21:35,214.447
2021-04-12 01:22:15,214.179
2021-04-12 01:22:55,213.902
2021-04-12 01:23:35,213.654
2021-04-12 01:24:15,213.332
2021-04-12 01:24:56,213.126
2021-04-12 01:25:36,212.776
2021-04-12 01:26:16,212.48
2021-04-12 01:26:56,212.246
2021-04-12 01:27:36,211.956
2021-04-12 01:28:16,211.695
2021-04-12 01:28:56,211.434
2021-04-12 01:29:36,211.154
2021-04-12 01:30:16,210.807
2021-04-12 01:30:57,210.484
2021-04-12 01:31:37,210.262
2021-04-12 01:32:17,210.035
2021-04-12 01:32:57,209.786
2021-04-12 01:33:37,209.412
2021-04-12 01:34:17,209.167
2021-04-12 01:34:57,208.932
2021-04-12 01:35:37,208.613
2021-04-12 01:36:18,208.494
2021-04-12 01:36:58,208.182
2021-04-12 01:37:38,207.824
2021-04-12 01:38:18,207.558
2021-04-12 01:38:58,207.31
2021-04-12 01:39:38,206.962
2021-04-12 01:40:18,206.736
2021-04-12 01:40:58,206.481
2021-04-12 01:41:38,206.225
2021-04-12 01:42:19,205.984
2021-04-12 01:42:59,205.697
2021-04-12 01:43:39,205.393
2021-04-12 01:44:19,205.118
2021-04-12 01:44:59,204.798
2021-04-12 01:45:39,204.561
2021-04-12 01:46:19,204.314
2021-04-12 01:47:00,204.058
2021-04-12 01:47:40,203.827
2021-04-12 01:48:20,203.523
2021-04-12 01:49:00,203.308
2021-04-12 01:49:40,202.991
2021-04-12 01:50:20,202.741
2021-04-12 01:51:00,202.411
2021-04-12 01:51:40,202.172
2021-04-12 01:52:21,201.892
2021-04-12 01:53:01,201.605
2021-04-12 01:53:41,201.38
2021-04-12 01:54:21,201.159
2021-04-12 01:55:01,200.853
2021-04-12 01:55:41,200.555
2021-04-12 01:56:21,200.368
2021-04-12 01:57:01,200.084
2021-04-12 01:57:41,199.795
2021-04-12 01:58:22,199.537
2021-04-12 01:59:02,199.267
2021-04-12 01:59:42,198.955
2021-04-12 02:00:22,198.765
2021-04-12 02:01:02,198.463
2021-04-12 02:01:42,198.188
2021-04-12 02:02:22,197.905
2021-04-12 02:03:03,197.775
2021-04-12 02:03:43,197.358
2021-04-12 02:04:23,197.219
2021-04-12 02:05:03,196.891
2021-04-12 02:05:43,196.667
2021-04-12 02:06:23,196.361
2021-04-12 02:07:03,196.106
2021-04-12 02:07:43,195.822
2021-04-12 02:08:24,195.578
2021-04-12 02:09:04,195.278
2021-04-12 02:09:44,195.067
2021-04-12 02:10:24,194.841
2021-04-12 02:11:04,194.505
2021-04-12 02:11:44,194.294
2021-04-12 02:12:24,194.026
2021-04-12 02:13:04,193.759
2021-04-12 02:13:45,193.536
2021-04-12 02:14:25,193.208
2021-04-12 02:15:05,192.95
2021-04-12 02:15:45,192.749
2021-04-12 02:16:25,192.458
2021-04-12 02:17:05,192.256
2021-04-12 02:17:45,191.957
2021-04-12 02:18:25,191.735
2021-04-12 02:19:06,191.485
2021-04-12 02:19:46,191.234
2021-04-12 02:20:26,190.985
2021-04-12 02:21:06,190.768
2021-04-12 02:21:46,190.455
2021-04-12 02:22:26,190.221
2021-04-12 02:23:06,189.888
2021-04-12 02:23:46,189.681
2021-04-12 02:24:27,189.45
2021-04-12 02:25:07,189.216
2021-04-12 02:25:47,188.918
2021-04-12 02:26:27,188.679
2021-04-12 02:27:07,188.435
2021-04-12 02:27:47,188.153
2021-04-12 02:28:27,187.848
2021-04-12 02:29:08,187.699
2021-04-12 02:29:48,187.431
2021-04-12 02:30:28,187.21
2021-04-12 02:31:08,186.957
2021-04-12 02:31:48,186.657
2021-04-12 02:32:28,186.431
2021-04-12 02:33:08,186.206
2021-04-12 02:33:48,185.93
2021-04-12 02:34:28,185.734
2021-04-12 02:35:09,185.407
2021-04-12 02:35:49,185.165
2021-04-12 02:36:29,184.989
2021-04-12 02:37:09,184.706
2021-04-12 02:37:49,184.412
2021-04-12 02:38:29,184.177
2021-04-12 02:39:09,183.943
2021-04-12 02:39:50,183.731
2021-04-12 02:40:30,183.444
2021-04-12 02:41:10,183.21
2021-04-12 02:41:50,182.98
2021-04-12 02:42:30,182.75
2021-04-12 02:43:10,182.482
2021-04-12 02:43:50,182.218
2021-04-12 02:44:31,182.013
2021-04-12 02:45:11,181.796
2021-04-12 02:45:51,181.486
2021-04-12 02:46:31,181.228
2021-04-12 02:47:11,181.051
2021-04-12 02:47:51,180.787
2021-04-12 02:48:31,180.51
2021-04-12 02:49:12,180.277
2021-04-12 02:49:52,180.098
2021-04-12 02:50:32,179.784
2021-04-12 02:51:12,179.571
2021-04-12 02:51:52,179.322
2021-04-12 02:52:32,179.044
2021-04-12 02:53:12,178.834
2021-04-12 02:53:52,178.576
2021-04-12 02:54:32,178.376
2021-04-12 02:55:13,178.119
2021-04-12 02:55:53,177.846
2021-04-12 02:56:33,177.678
2021-04-12 02:57:13,177.313
2021-04-12 02:57:53,177.113
2021-04-12 02:58:33,176.899
2021-04-12 02:59:13,176.699
2021-04-12 02:59:54,176.467
2021-04-12 03:00:34,176.199
2021-04-12 03:01:14,175.981
2021-04-12 03:01:54,175.689
2021-04-12 03:02:34,175.481
2021-04-12 03:03:14,175.214
2021-04-12 03:03:54,174.962
2021-04-12 03:04:34,174.765
2021-04-12 03:05:15,174.525
2021-04-12 03:05:55,174.249
2021-04-12 03:06:35,174.072
2021-04-12 03:07:15,173.797
2021-04-12 03:07:55,173.564
2021-04-12 03:08:35,173.359
2021-04-12 03:09:15,173.13
2021-04-12 03:09:56,172.834
2021-04-12 03:10:36,172.574
2021-04-12 03:11:16,172.406
2021-04-12 03:11:56,172.164
2021-04-12 03:12:36,171.929
2021-04-12 03:13:16,171.681
2021-04-12 03:13:56,171.444
2021-04-12 03:14:36,171.131
2021-04-12 03:15:16,171.009
2021-04-12 03:15:57,170.717
2021-04-12 03:16:37,170.475
2021-04-12 03:17:17,170.247
2021-04-12 03:17:57,170.009
2021-04-12 03:18:37,169.772
2021-04-12 03:19:17,169.509
2021-04-12 03:19:57,169.326
2021-04-12 03:20:38,169.057
2021-04-12 03:21:18,168.869
2021-04-12 03:21:58,168.59
2021-04-12 03:22:38,168.41
2021-04-12 03:23:18,168.153
2021-04-12 03:23:58,167.936
2021-04-12 03:24:38,167.643
2021-04-12 03:25:18,167.471
2021-04-12 03:25:59,167.245
2021-04-12 03:26:39,166.976
2021-04-12 03:27:19,166.739
2021-04-12 03:27:59,166.504
2021-04-12 03:28:39,166.284
2021-04-12 03:29:19,166.039
2021-04-12 03:29:59,165.782
2021-04-12 03:30:39,165.597
2021-04-12 03:31:20,165.4
2021-04-12 03:32:00,165.116
2021-04-12 03:32:40,164.891
2021-04-12 03:33:20,164.668
2021-04-12 03:34:00,164.423
2021-04-12 03:34:40,164.188
2021-04-12 03:35:20,163.995
2021-04-12 03:36:00,163.717
2021-04-12 03:36:41,163.519
2021-04-12 03:37:21,163.259
2021-04-12 03:38:01,163.062
2021-04-12 03:38:41,162.793
2021-04-12 03:39:21,162.642
2021-04-12 03:40:01,162.373
2021-04-12 03:40:41,162.151
2021-04-12 03:41:21,161.895
2021-04-12 03:42:01,161.648
2021-04-12 03:42:42,161.463
2021-04-12 03:43:22,161.194
2021-04-12 03:44:02,160.983
2021-04-12 03:44:42,160.754
2021-04-12 03:45:22,160.483
2021-04-12 03:46:02,160.272
2021-04-12 03:46:42,160.022
2021-04-12 03:47:22,159.851
2021-04-12 03:48:03,159.593
2021-04-12 03:48:43,159.387
2021-04-12 03:49:23,159.145
2021-04-12 03:50:03,158.898
2021-04-12 03:50:43,158.724
2021-04-12 03:51:23,158.429
2021-04-12 03:52:03,158.28
2021-04-12 03:52:43,158.033
2021-04-12 03:53:23,157.791
2021-04-12 03:54:04,157.563
2021-04-12 03:54:44,157.382
2021-04-12 03:55:24,157.131
2021-04-12 03:56:04,156.879
2021-04-12 03:56:44,156.668
2021-04-12 03:57:24,156.453
2021-04-12 03:58:04,156.205
2021-04-12 03:58:45,155.965
2021-04-12 03:59:25,155.778
2021-04-12 04:00:05,155.562
2021-04-12 04:00:45,155.28
2021-04-12 04:01:25,155.063
2021-04-12 04:02:05,154.855
2021-04-12 04:02:45,154.644
2021-04-12 04:03:25,154.381
2021-04-12 04:04:06,154.151
2021-04-12 04:04:46,153.926
2021-04-12 04:05:26,153.706
2021-04-12 04:06:06,153.542
2021-04-12 04:06:46,153.272
2021-04-12 04:07:26,153.059
2021-04-12 04:08:06,152.81
2021-04-12 04:08:46,152.612
2021-04-12 04:09:26,152.37
2021-04-12 04:10:07,152.211
2021-04-12 04:10:47,151.952
2021-04-12 04:11:27,151.712
2021-04-12 04:12:07,151.524
2021-04-12 04:12:47,151.252
2021-04-12 04:13:27,151.014
2021-04-12 04:14:07,150.811
2021-04-12 04:14:47,150.575
2021-04-12 04:15:28,150.316
2021-04-12 04:16:08,150.104
2021-04-12 04:16:48,149.885
2021-04-12 04:17:28,149.738
2021-04-12 04:18:08,149.44
2021-04-12 04:18:48,149.221
2021-04-12 04:19:28,149.008
2021-04-12 04:20:08,148.809
2021-04-12 04:20:48,148.584
2021-04-12 04:21:29,148.349
2021-04-12 04:22:09,148.166
2021-04-12 04:22:49,147.907
2021-04-12 04:23:29,147.677
2021-04-12 04:24:09,147.431
2021-04-12 04:24:49,147.219
2021-04-12 04:25:29,147.052
2021-04-12 04:26:09,146.823
2021-04-12 04:26:49,146.532
2021-04-12 04:27:30,146.339
2021-04-12 04:28:10,146.099
2021-04-12 04:28:50,145.887
2021-04-12 04:29:30,145.679
2021-04-12 04:30:10,145.446
2021-04-12 04:30:50,145.179
2021-04-12 04:31:30,145.025
2021-04-12 04:32:10,144.817
2021-04-12 04:32:51,144.549
2021-04-12 04:33:31,144.367
2021-04-12 04:34:11,144.107
2021-04-12 04:34:51,143.912
2021-04-12 04:35:31,143.698
2021-04-12 04:36:11,143.506
2021-04-12 04:36:51,143.259
2021-04-12 04:37:31,143.037
2021-04-12 04:38:12,142.802
2021-04-12 04:38:52,142.537
2021-04-12 04:39:32,142.334
2021-04-12 04:40:12,142.164
2021-04-12 04:40:52,141.905
2021-04-12 04:41:32,141.7
2021-04-12 04:42:12,141.448
2021-04-12 04:42:52,141.237
2021-04-12 04:43:33,141.016
2021-04-12 04:44:13,140.771
2021-04-12 04:44:53,140.585
2021-04-12 04:45:33,140.364
2021-04-12 04:46:13,140.168
2021-04-12 04:46:53,139.95
2021-04-12 04:47:33,139.703
2021-04-12 04:48:14,139.509
2021-04-12 04:48:54,139.221
2021-04-12 04:49:34,139.042
2021-04-12 04:50:14,138.848
2021-04-12 04:50:54,138.606
2021-04-12 04:51:34,138.395
2021-04-12 04:52:14,138.202
2021-04-12 04:52:54,137.941
2021-04-12 04:53:34,137.712
2021-04-12 04:54:15,137.512
2021-04-12 04:54:55,137.306
2021-04-12 04:55:35,136.835
2021-04-12 04:56:15,136.612
2021-04-12 04:56:55,136.361
2021-04-12 04:57:35,136.162
2021-04-12 04:58:16,135.976
2021-04-12 04:58:56,135.698
2021-04-12 04:59:36,135.509
2021-04-12 05:00:16,135.315
2021-04-12 05:00:56,135.11
2021-04-12 05:01:36,134.864
2021-04-12 05:02:16,134.627
2021-04-12 05:02:57,134.411
2021-04-12 05:03:37,134.206
2021-04-12 05:04:17,133.969
2021-04-12 05:04:57,133.773
2021-04-12 05:05:37,133.536
2021-04-12 05:06:17,133.308
2021-04-12 05:06:58,133.113
2021-04-12 05:07:38,132.883
2021-04-12 05:08:18,132.656
2021-04-12 05:08:58,132.445
2021-04-12 05:09:38,132.183
2021-04-12 05:10:18,131.976
2021-04-12 05:10:58,131.76
2021-04-12 05:11:38,131.572
2021-04-12 05:12:19,131.351
2021-04-12 05:12:59,131.13
2021-04-12 05:13:39,130.911
2021-04-12 05:14:19,130.691
2021-04-12 05:14:59,130.469
2021-04-12 05:15:39,130.258
2021-04-12 05:16:20,130.035
2021-04-12 05:17:00,129.823
2021-04-12 05:17:40,129.609
2021-04-12 05:18:20,129.396
2021-04-12 05:19:00,129.141
2021-04-12 05:19:40,128.926
2021-04-12 05:20:20,128.696
2021-04-12 05:21:00,128.474
2021-04-12 05:21:40,128.272
2021-04-12 05:22:21,128.053
2021-04-12 05:23:01,127.815
2021-04-12 05:23:41,127.607
2021-04-12 05:24:21,127.389
2021-04-12 05:25:01,127.158
2021-04-12 05:25:41,126.937
2021-04-12 05:26:21,126.708
2021-04-12 05:27:02,126.476
2021-04-12 05:27:42,126.298
2021-04-12 05:28:22,126.126
2021-04-12 05:29:02,125.871
2021-04-12 05:29:42,125.611
2021-04-12 05:30:22,125.439
2021-04-12 05:31:02,125.228
2021-04-12 05:31:42,124.996
2021-04-12 05:32:23,124.728
2021-04-12 05:33:03,124.533
2021-04-12 05:33:43,124.347
2021-04-12 05:34:23,124.094
2021-04-12 05:35:03,123.868
2021-04-12 05:35:43,123.652
2021-04-12 05:36:23,123.43
2021-04-12 05:37:03,123.247
2021-04-12 05:37:44,123.015
2021-04-12 05:38:24,122.765
2021-04-12 05:39:04,122.579
2021-04-12 05:39:44,122.346
2021-04-12 05:40:24,122.126
2021-04-12 05:41:04,121.931
2021-04-12 05:41:44,121.719
2021-04-12 05:42:24,121.476
2021-04-12 05:43:05,121.296
2021-04-12 05:43:45,121.038
2021-04-12 05:44:25,120.859
2021-04-12 05:45:05,120.61
2021-04-12 05:45:45,120.423
2021-04-12 05:46:25,120.162
2021-04-12 05:47:05,119.957
2021-04-12 05:47:46,119.749
2021-04-12 05:48:26,119.515
2021-04-12 05:49:06,119.304
2021-04-12 05:49:46,119.074
2021-04-12 05:50:26,118.86
2021-04-12 05:51:06,118.655
2021-04-12 05:51:46,118.414
2021-04-12 05:52:26,118.221
2021-04-12 05:53:07,117.993
2021-04-12 05:53:47,117.787
2021-04-12 05:54:27,117.59
2021-04-12 05:55:07,117.341
2021-04-12 05:55:47,117.11
2021-04-12 05:56:27,116.904
2021-04-12 05:57:07,116.701
2021-04-12 05:57:47,116.479
2021-04-12 05:58:28,116.252
2021-04-12 05:59:08,116.025
2021-04-12 05:59:48,115.852
2021-04-12 06:00:28,115.588
2021-04-12 06:01:08,115.388
2021-04-12 06:01:48,115.174
2021-04-12 06:02:28,114.941
2021-04-12 06:03:08,114.737
2021-04-12 06:03:48,114.522
2021-04-12 06:04:29,114.284
2021-04-12 06:05:09,114.08
2021-04-12 06:05:49,113.902
2021-04-12 06:06:29,113.643
2021-04-12 06:07:09,113.412
2021-04-12 06:07:49,113.211
2021-04-12 06:08:29,112.974
2021-04-12 06:09:09,112.775
2021-04-12 06:09:49,112.576
2021-04-12 06:10:30,112.355
2021-04-12 06:11:10,112.143
2021-04-12 06:11:50,111.931
2021-04-12 06:12:30,111.692
2021-04-12 06:13:10,111.49
2021-04-12 06:13:50,111.258
2021-04-12 06:14:30,111.037
2021-04-12 06:15:11,110.788
2021-04-12 06:15:51,110.624
2021-04-12 06:16:31,110.361
2021-04-12 06:17:11,110.202
2021-04-12 06:17:51,110.004
2021-04-12 06:18:31,109.747
2021-04-12 06:19:11,109.486
2021-04-12 06:19:51,109.272
2021-04-12 06:20:32,109.119
2021-04-12 06:21:12,108.887
2021-04-12 06:21:52,108.639
2021-04-12 06:22:32,108.492
2021-04-12 06:23:12,108.18
2021-04-12 06:23:52,108.01
2021-04-12 06:24:32,107.787
2021-04-12 06:25:12,107.564
2021-04-12 06:25:53,107.496
2021-04-12 06:26:33,107.199
2021-04-12 06:27:13,106.865
2021-04-12 06:27:53,106.682
2021-04-12 06:28:33,106.449
2021-04-12 06:29:13,106.3
2021-04-12 06:29:53,106.082
2021-04-12 06:30:33,105.796
2021-04-12 06:31:14,105.631
2021-04-12 06:31:54,105.486
2021-04-12 06:32:34,105.219
2021-04-12 06:33:14,104.944
2021-04-12 06:33:54,104.849
2021-04-12 06:34:34,104.557
2021-04-12 06:35:14,104.274
2021-04-12 06:35:54,104.263
2021-04-12 06:36:34,103.957
2021-04-12 06:37:15,103.671
2021-04-12 06:37:55,103.519
2021-04-12 06:38:35,103.289
2021-04-12 06:39:15,103.061
2021-04-12 06:39:55,102.81
2021-04-12 06:40:35,102.761
2021-04-12 06:41:15,102.569
2021-04-12 06:41:55,102.248
2021-04-12 06:42:36,102.003
2021-04-12 06:43:16,101.798
2021-04-12 06:43:56,101.607
2021-04-12 06:44:36,101.41
2021-04-12 06:45:16,101.213
2021-04-12 06:45:56,101.008
2021-04-12 06:46:36,100.833
2021-04-12 06:47:17,100.542
2021-04-12 06:47:57,100.4
2021-04-12 06:48:37,100.122
2021-04-12 06:49:17,99.9251
2021-04-12 06:49:57,99.7962
2021-04-12 06:50:37,99.6172
2021-04-12 06:51:17,99.293
2021-04-12 06:51:57,99.091
2021-04-12 06:52:37,98.8749
2021-04-12 06:53:18,98.7049
2021-04-12 06:53:58,98.4606
2021-04-12 06:54:38,98.324
2021-04-12 06:55:18,98.1598
2021-04-12 06:55:58,97.9902
2021-04-12 06:56:38,97.639
2021-04-12 06:57:18,97.4361
2021-04-12 06:57:59,97.2392
2021-04-12 06:58:39,97.0279
2021-04-12 06:59:19,96.8494
2021-04-12 06:59:59,96.6575
2021-04-12 07:00:39,96.4139
2021-04-12 07:01:19,96.2541
2021-04-12 07:01:59,96.0506
2021-04-12 07:02:39,95.7505
2021-04-12 07:03:20,95.5586
2021-04-12 07:04:00,95.3978
2021-04-12 07:04:40,95.1653
2021-04-12 07:05:20,94.9541
2021-04-12 07:06:00,94.7499
2021-04-12 07:06:40,94.5378
2021-04-12 07:07:20,94.3476
2021-04-12 07:08:01,94.1762
2021-04-12 07:08:41,93.9228
2021-04-12 07:09:21,93.809
2021-04-12 07:10:01,93.5623
2021-04-12 07:10:41,93.3391
2021-04-12 07:11:21,93.09
2021-04-12 07:12:01,93.0379
2021-04-12 07:12:41,92.7249
2021-04-12 07:13:22,92.5777
2021-04-12 07:14:02,92.358
2021-04-12 07:14:42,92.169
2021-04-12 07:15:22,91.9354
2021-04-12 07:16:02,91.7323
2021-04-12 07:16:42,91.5265
2021-04-12 07:17:22,91.3263
2021-04-12 07:18:02,91.1012
2021-04-12 07:18:43,90.9404
2021-04-12 07:19:23,90.7515
2021-04-12 07:20:03,90.5458
2021-04-12 07:20:43,90.4028
2021-04-12 07:21:23,90.1694
2021-04-12 07:22:03,89.9417
2021-04-12 07:22:43,89.7278
2021-04-12 07:23:23,89.5765
2021-04-12 07:24:03,89.3994
2021-04-12 07:24:44,89.1145
2021-04-12 07:25:24,88.9326
2021-04-12 07:26:04,88.8023
2021-04-12 07:26:44,88.5754
2021-04-12 07:27:24,88.3907
2021-04-12 07:28:04,88.1816
2021-04-12 07:28:44,88.0641
2021-04-12 07:29:24,87.733
2021-04-12 07:30:05,87.5884
2021-04-12 07:30:45,87.3988
2021-04-12 07:31:25,87.2107
2021-04-12 07:32:05,87.1221
2021-04-12 07:32:45,86.8398
2021-04-12 07:33:25,86.636
2021-04-12 07:34:05,86.4472
2021-04-12 07:34:45,86.3023
2021-04-12 07:35:25,86.174
2021-04-12 07:36:06,85.8512
2021-04-12 07:36:46,85.7058
2021-04-12 07:37:26,85.4571
2021-04-12 07:38:06,85.3207
2021-04-12 07:38:46,85.09
2021-04-12 07:39:26,84.9111
2021-04-12 07:40:06,84.7851
2021-04-12 07:40:46,84.5376
2021-04-12 07:41:26,84.3635
2021-04-12 07:42:07,84.2615
2021-04-12 07:42:47,83.9498
2021-04-12 07:43:27,83.8002
2021-04-12 07:44:07,83.6067
2021-04-12 07:44:47,83.5137
2021-04-12 07:45:27,83.3176
2021-04-12 07:46:07,83.1101
2021-04-12 07:46:47,82.9267
2021-04-12 07:47:28,82.6929
2021-04-12 07:48:08,82.5441
2021-04-12 07:48:48,82.4216
2021-04-12 07:49:28,82.1235
2021-04-12 07:50:08,81.9394
2021-04-12 07:50:48,81.7976
2021-04-12 07:51:28,81.5444
2021-04-12 07:52:09,81.4665
2021-04-12 07:52:49,81.3221
2021-04-12 07:53:29,81.137
2021-04-12 07:54:09,80.8844
2021-04-12 07:54:49,80.7285
2021-04-12 07:55:29,80.5311
2021-04-12 07:56:09,80.3615
2021-04-12 07:56:49,80.171
2021-04-12 07:57:29,80.0037
2021-04-12 07:58:10,79.8578
2021-04-12 07:58:50,79.7356
2021-04-12 07:59:30,79.4968
2021-04-12 08:00:10,79.2715
2021-04-12 08:00:50,79.1365
2021-04-12 08:01:30,78.9197
2021-04-12 08:02:10,78.8215
2021-04-12 08:02:50,78.6171
2021-04-12 08:03:31,78.4449
2021-04-12 08:04:11,78.2866
2021-04-12 08:04:51,78.0863
2021-04-12 08:05:31,77.9486
2021-04-12 08:06:11,77.7142
2021-04-12 08:06:51,77.6042
2021-04-12 08:07:31,77.4288
2021-04-12 08:08:12,77.2636
2021-04-12 08:08:52,77.1275
2021-04-12 08:09:32,76.8723
2021-04-12 08:10:12,76.7359
2021-04-12 08:10:52,76.5535
2021-04-12 08:11:32,76.4074
2021-04-12 08:12:12,76.2129
2021-04-12 08:12:52,76.0778
2021-04-12 08:13:32,75.9247
2021-04-12 08:14:13,75.7347
2021-04-12 08:14:53,75.6006
2021-04-12 08:15:33,75.4193
2021-04-12 08:16:13,75.1809
2021-04-12 08:16:53,75.1072
2021-04-12 08:17:33,74.9132
2021-04-12 08:18:13,74.7557
2021-04-12 08:18:54,74.5909
2021-04-12 08:19:34,74.4137
2021-04-12 08:20:14,74.2799
2021-04-12 08:20:54,74.07
2021-04-12 08:21:34,73.9074
2021-04-12 08:22:14,73.7771
2021-04-12 08:22:54,73.6002
2021-04-12 08:23:34,73.5023
2021-04-12 08:24:15,73.3612
2021-04-12 08:24:55,73.1648
2021-04-12 08:25:35,73.0314
2021-04-12 08:26:15,72.8206
2021-04-12 08:26:55,72.6835
2021-04-12 08:27:35,72.5432
2021-04-12 08:28:15,72.3805
2021-04-12 08:28:55,72.2444
2021-04-12 08:29:36,72.0758
2021-04-12 08:30:16,71.9171
2021-04-12 08:30:56,71.7328
2021-04-12 08:31:36,71.6026
2021-04-12 08:32:16,71.4628
2021-04-12 08:32:56,71.3051
2021-04-12 08:33:36,71.1275
2021-04-12 08:34:16,71.0116
2021-04-12 08:34:56,70.825
2021-04-12 08:35:37,70.7082
2021-04-12 08:36:17,70.5525
2021-04-12 08:36:57,70.4026
2021-04-12 08:37:37,70.173
2021-04-12 08:38:17,70.105
2021-04-12 08:38:57,69.9538
2021-04-12 08:39:37,69.8172
2021-04-12 08:40:17,69.6708
2021-04-12 08:40:58,69.497
2021-04-12 08:41:38,69.347
2021-04-12 08:42:18,69.2179
2021-04-12 08:42:58,69.0642
2021-04-12 08:43:38,68.9084
2021-04-12 08:44:18,68.7627
2021-04-12 08:44:58,68.647
2021-04-12 08:45:38,68.5271
2021-04-12 08:46:19,68.366
2021-04-12 08:46:59,68.2052
2021-04-12 08:47:39,68.0332
2021-04-12 08:48:19,67.8923
2021-04-12 08:48:59,67.7951
2021-04-12 08:49:39,67.6345
2021-04-12 08:50:19,67.5102
2021-04-12 08:51:00,67.386
2021-04-12 08:51:40,67.2055
2021-04-12 08:52:20,67.0799
2021-04-12 08:53:00,66.9481
2021-04-12 08:53:40,66.7926
2021-04-12 08:54:20,66.6812
2021-04-12 08:55:00,66.5035
2021-04-12 08:55:40,66.404
2021-04-12 08:56:21,66.2908
2021-04-12 08:57:01,66.0979
2021-04-12 08:57:41,65.9815
2021-04-12 08:58:21,65.8574
2021-04-12 08:59:01,65.7181
2021-04-12 08:59:41,65.5477
2021-04-12 09:00:21,65.4327
2021-04-12 09:01:01,65.315
2021-04-12 09:01:41,65.1351
2021-04-12 09:02:22,64.871
2021-04-12 09:03:02,64.7489
2021-04-12 09:03:42,64.6283
2021-04-12 09:04:22,64.4883
2021-04-12 09:05:02,64.3403
2021-04-12 09:05:42,64.2544
2021-04-12 09:06:22,64.0789
2021-04-12 09:07:03,63.9583
2021-04-12 09:07:43,63.8213
2021-04-12 09:08:23,63.7036
2021-04-12 09:09:03,63.6316
2021-04-12 09:09:43,63.4639
2021-04-12 09:10:23,63.3268
2021-04-12 09:11:03,63.2248
2021-04-12 09:11:43,63.1054
2021-04-12 09:12:23,62.9337
2021-04-12 09:13:04,62.8368
2021-04-12 09:13:44,62.704
2021-04-12 09:14:24,62.5652
2021-04-12 09:15:04,62.4467
2021-04-12 09:15:44,62.2943
2021-04-12 09:16:24,62.2103
2021-04-12 09:17:04,62.0698
2021-04-12 09:17:44,61.9461
2021-04-12 09:18:25,61.8106
2021-04-12 09:19:05,61.6535
2021-04-12 09:19:45,61.5471
2021-04-12 09:20:25,61.4497
2021-04-12 09:21:05,61.3115
2021-04-12 09:21:46,61.2546
2021-04-12 09:22:26,61.098
2021-04-12 09:23:06,60.9416
2021-04-12 09:23:46,60.8518
2021-04-12 09:24:26,60.6634
2021-04-12 09:25:06,60.6082
2021-04-12 09:25:46,60.4736
2021-04-12 09:26:27,60.349
2021-04-12 09:27:07,60.2202
2021-04-12 09:27:47,60.1324
2021-04-12 09:28:27,59.9935
2021-04-12 09:29:07,59.8915
2021-04-12 09:29:47,59.7533
2021-04-12 09:30:27,59.6385
2021-04-12 09:31:08,59.4827
2021-04-12 09:31:48,59.3806
2021-04-12 09:32:28,59.2874
2021-04-12 09:33:08,59.1305
2021-04-12 09:33:48,59.017
2021-04-12 09:34:28,58.8884
2021-04-12 09:35:08,58.7876
2021-04-12 09:35:48,58.7149
2021-04-12 09:36:29,58.6239
2021-04-12 09:37:09,58.4297
2021-04-12 09:37:49,58.3076
2021-04-12 09:38:29,58.2301
2021-04-12 09:39:09,58.096
2021-04-12 09:39:49,57.9828
2021-04-12 09:40:29,57.9101
2021-04-12 09:41:10,57.7838
2021-04-12 09:41:50,57.6474
2021-04-12 09:42:30,57.5313
2021-04-12 09:43:10,57.4146
2021-04-12 09:43:50,57.329
2021-04-12 09:44:31,57.2066
2021-04-12 09:45:11,57.0713
2021-04-12 09:45:51,56.9658
2021-04-12 09:46:31,56.8496
2021-04-12 09:47:11,56.7382
2021-04-12 09:47:51,56.6011
2021-04-12 09:48:31,56.4855
2021-04-12 09:49:11,56.4201
2021-04-12 09:49:51,56.2768
2021-04-12 09:50:32,56.2057
2021-04-12 09:51:12,56.0624
2021-04-12 09:51:52,55.9779
2021-04-12 09:52:32,55.8397
2021-04-12 09:53:12,55.7412
2021-04-12 09:53:52,55.631
2021-04-12 09:54:33,55.5108
2021-04-12 09:55:13,55.3956
2021-04-12 09:55:53,55.3254
2021-04-12 09:56:33,55.2159
2021-04-12 09:57:13,55.0911
2021-04-12 09:57:53,54.9632
2021-04-12 09:58:33,54.8266
2021-04-12 09:59:14,54.7773
2021-04-12 09:59:54,54.701
2021-04-12 10:00:34,54.5296
2021-04-12 10:01:14,54.4154
2021-04-12 10:01:54,54.3212
2021-04-12 10:02:34,54.2332
2021-04-12 10:03:15,54.1253
2021-04-12 10:03:55,54.0125
2021-04-12 10:04:35,53.8808
2021-04-12 10:05:15,53.7798
2021-04-12 10:05:55,53.6795
2021-04-12 10:06:35,53.5609
2021-04-12 10:07:15,53.4754
2021-04-12 10:07:55,53.3512
2021-04-12 10:08:36,53.2578
2021-04-12 10:09:16,53.0977
2021-04-12 10:09:56,53.0597
2021-04-12 10:10:36,52.9017
2021-04-12 10:11:16,52.82
2021-04-12 10:11:56,52.6991
2021-04-12 10:12:36,52.6282
2021-04-12 10:13:16,52.5006
2021-04-12 10:13:57,52.3809
2021-04-12 10:14:37,52.2846
2021-04-12 10:15:17,52.174
2021-04-12 10:15:57,52.0752
2021-04-12 10:16:37,52.0
2021-04-12 10:17:17,51.8502
2021-04-12 10:17:57,51.7744
2021-04-12 10:18:38,51.6564
2021-04-12 10:19:18,51.5561
2021-04-12 10:19:58,51.4657
2021-04-12 10:20:38,51.3453
2021-04-12 10:21:18,51.237
2021-04-12 10:21:58,51.1276
2021-04-12 10:22:39,51.0376
2021-04-12 10:23:19,50.9036
2021-04-12 10:23:59,50.8214
2021-04-12 10:24:39,50.7293
2021-04-12 10:25:19,50.6032
2021-04-12 10:25:59,50.5229
2021-04-12 10:26:40,50.4113
2021-04-12 10:27:20,50.3194
2021-04-12 10:28:00,50.144
2021-04-12 10:28:40,50.1223
2021-04-12 10:29:20,49.9872
2021-04-12 10:30:00,49.8879
2021-04-12 10:30:40,49.8102
2021-04-12 10:31:20,49.6813
2021-04-12 10:32:01,49.5982
2021-04-12 10:32:41,49.4964
2021-04-12 10:33:21,49.3817
2021-04-12 10:34:01,49.2918
2021-04-12 10:34:41,49.1548
2021-04-12 10:35:21,49.0692
2021-04-12 10:36:01,48.947
2021-04-12 10:36:42,48.8445
2021-04-12 10:37:22,48.7682
2021-04-12 10:38:02,48.6708
2021-04-12 10:38:42,48.5329
2021-04-12 10:39:22,48.4222
2021-04-12 10:40:02,48.3625
2021-04-12 10:40:42,48.2364
2021-04-12 10:41:23,48.164
2021-04-12 10:42:03,48.0588
2021-04-12 10:42:43,47.9363
2021-04-12 10:43:23,47.8537
2021-04-12 10:44:03,47.7604
2021-04-12 10:44:43,47.6105
2021-04-12 10:45:23,47.5408
2021-04-12 10:46:04,47.4179
2021-04-12 10:46:44,47.3305
2021-04-12 10:47:24,47.2466
2021-04-12 10:48:04,47.1446
2021-04-12 10:48:44,46.9803
2021-04-12 10:49:24,46.9531
2021-04-12 10:50:04,46.8079
2021-04-12 10:50:45,46.7465
2021-04-12 10:51:25,46.6139
2021-04-12 10:52:05,46.5173
2021-04-12 10:52:45,46.3983
2021-04-12 10:53:25,46.3243
2021-04-12 10:54:05,46.1814
2021-04-12 10:54:45,46.1118
2021-04-12 10:55:25,45.9997
2021-04-12 10:56:05,45.8991
2021-04-12 10:56:46,45.7918
2021-04-12 10:57:26,45.7018
2021-04-12 10:58:06,45.58
2021-04-12 10:58:46,45.5201
2021-04-12 10:59:26,45.3715
2021-04-12 11:00:06,45.2558
2021-04-12 11:00:47,45.1678
2021-04-12 11:01:27,45.0923
2021-04-12 11:02:07,45.0193
2021-04-12 11:02:47,44.8738
2021-04-12 11:03:27,44.7688
2021-04-12 11:04:07,44.6926
2021-04-12 11:04:47,44.5821
2021-04-12 11:05:28,44.505
2021-04-12 11:06:08,44.3656
2021-04-12 11:06:48,44.2511
2021-04-12 11:07:28,44.1682
2021-04-12 11:08:08,44.0664
2021-04-12 11:08:48,43.968
2021-04-12 11:09:28,43.8274
2021-04-12 11:10:08,43.7201
2021-04-12 11:10:49,43.6482
2021-04-12 11:11:29,43.5386
2021-04-12 11:12:09,43.4303
2021-04-12 11:12:49,43.3412
2021-04-12 11:13:29,43.2266
2021-04-12 11:14:09,43.1575
2021-04-12 11:14:49,43.0478
2021-04-12 11:15:30,42.9224
2021-04-12 11:16:10,42.8375
2021-04-12 11:16:50,42.7126
2021-04-12 11:17:30,42.6059
2021-04-12 11:18:10,42.5109
2021-04-12 11:18:50,42.4171
2021-04-12 11:19:30,42.2985
2021-04-12 11:20:11,42.1731
2021-04-12 11:20:51,42.0777
2021-04-12 11:21:31,41.9967
2021-04-12 11:22:11,41.883
2021-04-12 11:22:51,41.7621
2021-04-12 11:23:31,41.6607
2021-04-12 11:24:11,41.5651
2021-04-12 11:24:51,41.4479
2021-04-12 11:25:32,41.3543
2021-04-12 11:26:12,41.257
2021-04-12 11:26:52,41.168
2021-04-12 11:27:32,41.0483
2021-04-12 11:28:12,40.9557
2021-04-12 11:28:52,40.8476
2021-04-12 11:29:33,40.7437
2021-04-12 11:30:13,40.627
2021-04-12 11:30:53,40.5428
2021-04-12 11:31:33,40.4097
2021-04-12 11:32:13,40.2972
2021-04-12 11:32:53,40.2007
2021-04-12 11:33:33,40.0875
2021-04-12 11:34:14,39.9559
2021-04-12 11:34:54,39.8524
2021-04-12 11:35:34,39.7461
2021-04-12 11:36:14,39.6623
2021-04-12 11:36:54,39.5438
2021-04-12 11:37:35,39.4561
2021-04-12 11:38:15,39.3439
2021-04-12 11:38:55,39.2173
2021-04-12 11:39:35,39.1363
2021-04-12 11:40:15,39.0268
2021-04-12 11:40:55,38.9069
2021-04-12 11:41:36,38.787
2021-04-12 11:42:16,38.6923
2021-04-12 11:42:56,38.5917
2021-04-12 11:43:36,38.4667
2021-04-12 11:44:16,38.3564
2021-04-12 11:44:56,38.2296
2021-04-12 11:45:36,38.1392
2021-04-12 11:46:16,38.0269
2021-04-12 11:46:57,37.9366
2021-04-12 11:47:37,37.8309
2021-04-12 11:48:17,37.7141
2021-04-12 11:48:57,37.5952
2021-04-12 11:49:37,37.4903
2021-04-12 11:50:17,37.3878
2021-04-12 11:50:57,37.265
2021-04-12 11:51:37,37.204
2021-04-12 11:52:18,37.0586
2021-04-12 11:52:58,36.9518
2021-04-12 11:53:38,36.8262
2021-04-12 11:54:18,36.7229
2021-04-12 11:54:58,36.6274
2021-04-12 11:55:38,36.5027
2021-04-12 11:56:18,36.4022
2021-04-12 11:56:58,36.2772
2021-04-12 11:57:39,36.1911
2021-04-12 11:58:19,36.0613
2021-04-12 11:58:59,35.9744
2021-04-12 11:59:39,35.8447
2021-04-12 12:00:19,35.7347
2021-04-12 12:00:59,35.6117
2021-04-12 12:01:40,35.5227
2021-04-12 12:02:20,35.3833
2021-04-12 12:03:00,35.2903
2021-04-12 12:03:40,35.1432
2021-04-12 12:04:20,35.0422
2021-04-12 12:05:00,34.9357
2021-04-12 12:05:40,34.8198
2021-04-12 12:06:21,34.7372
2021-04-12 12:07:01,34.6097
2021-04-12 12:07:41,34.4855
2021-04-12 12:08:21,34.3866
2021-04-12 12:09:01,34.3031
2021-04-12 12:09:41,34.1455
2021-04-12 12:10:21,34.0507
2021-04-12 12:11:01,33.9443
2021-04-12 12:11:42,33.7932
2021-04-12 12:12:22,33.6956
2021-04-12 12:13:02,33.5974
2021-04-12 12:13:42,33.4564
2021-04-12 12:14:22,33.3727
2021-04-12 12:15:02,33.2165
2021-04-12 12:15:43,33.1221
2021-04-12 12:16:23,33.0162
2021-04-12 12:17:03,32.9015
2021-04-12 12:17:43,32.8031
2021-04-12 12:18:23,32.6679
2021-04-12 12:19:03,32.5518
2021-04-12 12:19:43,32.4425
2021-04-12 12:20:23,32.3446
2021-04-12 12:21:03,32.2117
2021-04-12 12:21:44,32.09
2021-04-12 12:22:24,31.9724
2021-04-12 12:23:04,31.8678
2021-04-12 12:23:44,31.7345
2021-04-12 12:24:24,31.6422
2021-04-12 12:25:04,31.399
2021-04-12 12:25:45,31.2903
2021-04-12 12:26:25,31.1703
2021-04-12 12:27:05,31.0676
2021-04-12 12:27:45,30.958
2021-04-12 12:28:25,30.8229
2021-04-12 12:29:05,30.7091
2021-04-12 12:29:45,30.585
2021-04-12 12:30:26,30.4748
2021-04-12 12:31:06,30.3332
2021-04-12 12:31:46,30.2305
2021-04-12 12:32:26,30.1133
2021-04-12 12:33:06,30.0163
2021-04-12 12:33:46,29.8762
2021-04-12 12:34:26,29.7572
2021-04-12 12:35:06,29.6519
2021-04-12 12:35:47,29.5295
2021-04-12 12:36:27,29.4277
2021-04-12 12:37:07,29.301
2021-04-12 12:37:47,29.1784
2021-04-12 12:38:27,29.047
2021-04-12 12:39:07,28.9422
2021-04-12 12:39:47,28.8218
2021-04-12 12:40:27,28.6911
2021-04-12 12:41:07,28.575
2021-04-12 12:41:48,28.4625
2021-04-12 12:42:28,28.3572
2021-04-12 12:43:08,28.2363
2021-04-12 12:43:48,28.1185
2021-04-12 12:44:28,27.9991
2021-04-12 12:45:08,27.8856
2021-04-12 12:45:48,27.7642
2021-04-12 12:46:28,27.6507
2021-04-12 12:47:08,27.5349
2021-04-12 12:47:49,27.409
2021-04-12 12:48:29,27.3011
2021-04-12 12:49:09,27.1748
2021-04-12 12:49:49,27.0456
2021-04-12 12:50:29,26.9305
2021-04-12 12:51:09,26.8074
2021-04-12 12:51:49,26.7039
2021-04-12 12:52:29,26.5902
2021-04-12 12:53:10,26.4653
2021-04-12 12:53:50,26.3745
2021-04-12 12:54:30,26.2355
2021-04-12 12:55:10,26.1313
2021-04-12 12:55:50,25.9991
2021-04-12 12:56:30,25.8857
2021-04-12 12:57:10,25.775
2021-04-12 12:57:50,25.6549
2021-04-12 12:58:30,25.5423
2021-04-12 12:59:11,25.435
2021-04-12 12:59:51,25.3156
2021-04-12 13:00:31,25.2044
2021-04-12 13:01:11,25.0824
2021-04-12 13:01:51,24.9594
2021-04-12 13:02:31,24.8533
2021-04-12 13:03:11,24.7385
2021-04-12 13:03:51,24.6189
2021-04-12 13:04:32,24.4978
2021-04-12 13:05:12,24.3835
2021-04-12 13:05:52,24.2945
2021-04-12 13:06:32,24.1649
2021-04-12 13:07:12,24.0515
2021-04-12 13:07:52,23.9543
2021-04-12 13:08:32,23.8297
2021-04-12 13:09:12,23.7138
2021-04-12 13:09:52,23.6002
2021-04-12 13:10:33,23.4841
2021-04-12 13:11:13,23.3727
2021-04-12 13:11:53,23.2582
2021-04-12 13:12:33,23.1434
2021-04-12 13:13:13,23.0496
2021-04-12 13:13:53,22.9265
2021-04-12 13:14:33,22.8155
2021-04-12 13:15:13,22.6997
2021-04-12 13:15:54,22.5969
2021-04-12 13:16:34,22.4789
2021-04-12 13:17:14,22.3695
2021-04-12 13:17:54,22.2556
2021-04-12 13:18:34,22.1423
2021-04-12 13:19:14,22.0255
2021-04-12 13:19:55,21.9075
2021-04-12 13:20:35,21.8035
2021-04-12 13:21:15,21.689
2021-04-12 13:21:55,21.5952
2021-04-12 13:22:35,21.4756
2021-04-12 13:23:15,21.3636
2021-04-12 13:23:55,21.2621
2021-04-12 13:24:36,21.1428
2021-04-12 13:25:16,21.0244
2021-04-12 13:25:56,20.9204
2021-04-12 13:26:36,20.8103
2021-04-12 13:27:16,20.6883
2021-04-12 13:27:56,20.5754
2021-04-12 13:28:37,20.462
2021-04-12 13:29:17,20.3558
2021-04-12 13:29:57,20.2383
2021-04-12 13:30:37,20.1241
2021-04-12 13:31:17,20.0083
2021-04-12 13:31:57,19.8928
2021-04-12 13:32:38,19.7746
2021-04-12 13:33:18,19.6629
2021-04-12 13:33:58,19.5487
2021-04-12 13:34:38,19.4447
2021-04-12 13:35:18,19.3493
2021-04-12 13:35:58,19.2313
2021-04-12 13:36:39,19.125
2021-04-12 13:37:19,19.0316
2021-04-12 13:37:59,18.9333
2021-04-12 13:38:39,18.8365
2021-04-12 13:39:19,18.7499
2021-04-12 13:40:00,18.6559
2021-04-12 13:40:40,18.5695
2021-04-12 13:41:20,18.4697
2021-04-12 13:42:00,18.3835
2021-04-12 13:42:40,18.2978
2021-04-12 13:43:21,18.2092
2021-04-12 13:44:01,18.1269
2021-04-12 13:44:41,18.0336
2021-04-12 13:45:21,17.9495
2021-04-12 13:46:01,17.865
2021-04-12 13:46:41,17.7814
2021-04-12 13:47:21,17.6766
2021-04-12 13:48:02,17.6016
2021-04-12 13:48:42,17.5161
2021-04-12 13:49:22,17.4238
2021-04-12 13:50:02,17.3355
2021-04-12 13:50:42,17.2462
2021-04-12 13:51:23,17.1522
2021-04-12 13:52:03,17.0663
2021-04-12 13:52:43,16.9769
2021-04-12 13:53:23,16.8967
2021-04-12 13:54:03,16.8021
2021-04-12 13:54:43,16.7191
2021-04-12 13:55:23,16.6223
2021-04-12 13:56:04,16.5353
2021-04-12 13:56:44,16.4376
2021-04-12 13:57:24,16.3467
2021-04-12 13:58:04,16.2598
2021-04-12 13:58:44,16.166
2021-04-12 13:59:24,16.0713
2021-04-12 14:00:04,15.9804
2021-04-12 14:00:44,15.887
2021-04-12 14:01:24,15.7995
2021-04-12 14:02:04,15.7076
2021-04-12 14:02:44,15.6106
2021-04-12 14:03:25,15.5252
2021-04-12 14:04:05,15.4309
2021-04-12 14:04:45,15.3403
2021-04-12 14:05:25,15.2563
2021-04-12 14:06:05,15.1721
2021-04-12 14:06:45,15.0911
2021-04-12 14:07:25,15.0078
2021-04-12 14:08:05,14.9292
2021-04-12 14:08:45,14.8525
2021-04-12 14:09:26,14.7711
2021-04-12 14:10:06,14.6946
2021-04-12 14:10:46,14.615
2021-04-12 14:11:26,14.5461
2021-04-12 14:12:06,14.4733
2021-04-12 14:12:46,14.4114
2021-04-12 14:13:26,14.341
2021-04-12 14:14:06,14.2747
2021-04-12 14:14:46,14.2074
2021-04-12 14:15:27,14.149
2021-04-12 14:16:07,14.0832
2021-04-12 14:16:47,14.0241
2021-04-12 14:17:27,13.9681
2021-04-12 14:18:07,13.9028
2021-04-12 14:18:47,13.8449
2021-04-12 14:19:27,13.7911
2021-04-12 14:20:07,13.73
2021-04-12 14:20:48,13.6782
2021-04-12 14:21:28,13.625
2021-04-12 14:22:08,13.5656
2021-04-12 14:22:48,13.5102
2021-04-12 14:23:28,13.4593
2021-04-12 14:24:08,13.4059
2021-04-12 14:24:48,13.3555
2021-04-12 14:25:28,13.3005
2021-04-12 14:26:09,13.2496
2021-04-12 14:26:49,13.1927
2021-04-12 14:27:29,13.1444
2021-04-12 14:28:09,13.0942
2021-04-12 14:28:49,13.041
2021-04-12 14:29:29,12.9971
2021-04-12 14:30:09,12.9405
2021-04-12 14:30:50,12.8944
2021-04-12 14:31:30,12.8391
2021-04-12 14:32:10,12.793
2021-04-12 14:32:50,12.7424
2021-04-12 14:33:30,12.7007
2021-04-12 14:34:10,12.6509
2021-04-12 14:34:50,12.6018
2021-04-12 14:35:30,12.5535
2021-04-12 14:36:10,12.5098
2021-04-12 14:36:51,12.46
2021-04-12 14:37:31,12.4207
2021-04-12 14:38:11,12.3723
2021-04-12 14:38:51,12.3236
2021-04-12 14:39:31,12.2776
2021-04-12 14:40:11,12.2361
2021-04-12 14:40:51,12.196
2021-04-12 14:41:31,12.1517
2021-04-12 14:42:12,12.108
2021-04-12 14:42:52,12.0616
2021-04-12 14:43:32,12.0223
2021-04-12 14:44:12,11.9779
2021-04-12 14:44:52,11.9322
2021-04-12 14:45:32,11.887
2021-04-12 14:46:12,11.8413
2021-04-12 14:46:52,11.7988
2021-04-12 14:47:33,11.758
2021-04-12 14:48:13,11.7172
2021-04-12 14:48:53,11.6754
2021-04-12 14:49:33,11.6285
2021-04-12 14:50:13,11.5881
2021-04-12 14:50:53,11.543
2021-04-12 14:51:33,11.5033
2021-04-12 14:52:13,11.461
2021-04-12 14:52:53,11.4195
2021-04-12 14:53:34,11.373
2021-04-12 14:54:14,11.3281
2021-04-12 14:54:54,11.2875
2021-04-12 14:55:34,11.2449
2021-04-12 14:56:14,11.2057
2021-04-12 14:56:54,11.1593
2021-04-12 14:57:34,11.1184
2021-04-12 14:58:15,11.0751
2021-04-12 14:58:55,11.0338
2021-04-12 14:59:35,10.9927
2021-04-12 15:00:15,10.9489
2021-04-12 15:00:55,10.9045
2021-04-12 15:01:35,10.8619
2021-04-12 15:02:15,10.8236
2021-04-12 15:02:55,10.7756
2021-04-12 15:03:35,10.7386
2021-04-12 15:04:16,10.695
2021-04-12 15:04:56,10.6534
2021-04-12 15:05:36,10.608
2021-04-12 15:06:16,10.5683
2021-04-12 15:06:56,10.523
2021-04-12 15:07:36,10.4808
2021-04-12 15:08:16,10.4411
2021-04-12 15:08:57,10.3961
2021-04-12 15:09:37,10.3576
2021-04-12 15:10:17,10.3075
2021-04-12 15:10:57,10.2685
2021-04-12 15:11:37,10.2229
2021-04-12 15:12:17,10.1866
2021-04-12 15:12:57,10.1397
2021-04-12 15:13:38,10.1003
2021-04-12 15:14:18,10.0598
2021-04-12 15:14:58,10.0137
2021-04-12 15:15:38,9.972610000000001
2021-04-12 15:16:18,9.928
2021-04-12 15:16:58,9.88861
2021-04-12 15:17:38,9.84577
2021-04-12 15:18:18,9.80533
2021-04-12 15:18:59,9.76218
2021-04-12 15:19:39,9.7221
2021-04-12 15:20:19,9.680810000000001
2021-04-12 15:20:59,9.64205
2021-04-12 15:21:39,9.601360000000001
2021-04-12 15:22:19,9.55828
2021-04-12 15:22:59,9.51645
2021-04-12 15:23:39,9.47673
2021-04-12 15:24:20,9.43338
2021-04-12 15:25:00,9.39189
2021-04-12 15:25:40,9.35567
2021-04-12 15:26:20,9.31133
2021-04-12 15:27:00,9.269789999999999
2021-04-12 15:27:40,9.2302
2021-04-12 15:28:20,9.193539999999999
2021-04-12 15:29:00,9.150260000000001
2021-04-12 15:29:41,9.11084
2021-04-12 15:30:21,9.06732
2021-04-12 15:31:01,9.02951
2021-04-12 15:31:41,8.985669999999999
2021-04-12 15:32:21,8.94583
2021-04-12 15:33:01,8.9034
2021-04-12 15:33:41,8.8645
2021-04-12 15:34:22,8.8238
2021-04-12 15:35:02,8.78463
2021-04-12 15:35:42,8.74393
2021-04-12 15:36:22,8.70613
2021-04-12 15:37:02,8.6661
2021-04-12 15:37:42,8.62745
2021-04-12 15:38:22,8.58713
2021-04-12 15:39:03,8.54645
2021-04-12 15:39:43,8.509030000000001
2021-04-12 15:40:23,8.47087
2021-04-12 15:41:03,8.43285
2021-04-12 15:41:43,8.3956
2021-04-12 15:42:23,8.35727
2021-04-12 15:43:03,8.32005
2021-04-12 15:43:43,8.28288
2021-04-12 15:44:24,8.24493
2021-04-12 15:45:04,8.20692
2021-04-12 15:45:44,8.1717
2021-04-12 15:46:24,8.12997
2021-04-12 15:47:04,8.098180000000001
2021-04-12 15:47:44,8.06382
2021-04-12 15:48:25,8.026710000000001
2021-04-12 15:49:05,7.99102
2021-04-12 15:49:45,7.95708
2021-04-12 15:50:25,7.92277
2021-04-12 15:51:05,7.889310000000001
2021-04-12 15:51:45,7.854539999999999
2021-04-12 15:52:25,7.821110000000001
2021-04-12 15:53:05,7.784860000000001
2021-04-12 15:53:45,7.75091
2021-04-12 15:54:26,7.720619999999999
2021-04-12 15:55:06,7.69044
2021-04-12 15:55:46,7.659510000000001
2021-04-12 15:56:26,7.63018
2021-04-12 15:57:06,7.60093
2021-04-12 15:57:46,7.57383
2021-04-12 15:58:26,7.543089999999999
2021-04-12 15:59:06,7.51682
2021-04-12 15:59:47,7.48683
2021-04-12 16:00:27,7.44915
2021-04-12 16:01:07,7.43399
2021-04-12 16:01:47,7.40718
2021-04-12 16:02:27,7.3781
2021-04-12 16:03:07,7.356089999999999
2021-04-12 16:03:47,7.32901
2021-04-12 16:04:28,7.30969
2021-04-12 16:05:08,7.28605
2021-04-12 16:05:48,7.2649300000000006
2021-04-12 16:06:28,7.240539999999999
2021-04-12 16:07:08,7.221889999999999
2021-04-12 16:07:48,7.210389999999999
2021-04-12 16:08:28,7.192
2021-04-12 16:09:08,7.17408
2021-04-12 16:09:48,7.1636
2021-04-12 16:10:28,7.1561
2021-04-12 16:11:09,7.136139999999999
2021-04-12 16:11:49,7.1271
2021-04-12 16:12:29,7.10615
2021-04-12 16:13:09,7.0961300000000005
2021-04-12 16:13:49,7.082669999999999
2021-04-12 16:14:29,7.067019999999999
2021-04-12 16:15:09,7.053
2021-04-12 16:15:50,7.043360000000001
2021-04-12 16:16:30,7.0308399999999995
2021-04-12 16:17:10,7.010330000000001
2021-04-12 16:17:50,7.002089999999999
2021-04-12 16:18:30,6.991060000000001
2021-04-12 16:19:10,6.98168
2021-04-12 16:19:50,6.96886
2021-04-12 16:20:30,6.96133
2021-04-12 16:21:10,6.94298
2021-04-12 16:21:50,6.9392
2021-04-12 16:22:31,6.91829
2021-04-12 16:23:11,6.91253
2021-04-12 16:23:51,6.902410000000001
2021-04-12 16:24:31,6.89515
2021-04-12 16:25:11,6.88008
2021-04-12 16:25:51,6.87495
2021-04-12 16:26:31,6.85962
2021-04-12 16:27:11,6.852119999999999
2021-04-12 16:27:52,6.844180000000001
2021-04-12 16:28:32,6.839180000000001
2021-04-12 16:29:12,6.8256
2021-04-12 16:29:52,6.82017
2021-04-12 16:30:32,6.8101
2021-04-12 16:31:12,6.804469999999999
2021-04-12 16:31:52,6.7915600000000005
2021-04-12 16:32:32,6.78206
2021-04-12 16:33:12,6.78515
2021-04-12 16:33:53,6.77237
2021-04-12 16:34:33,6.763139999999999
2021-04-12 16:35:13,6.752730000000001
2021-04-12 16:35:53,6.752619999999999
2021-04-12 16:36:33,6.7400899999999995
2021-04-12 16:37:13,6.73446
2021-04-12 16:37:53,6.71778
2021-04-12 16:38:33,6.719469999999999
2021-04-12 16:39:13,6.7107
2021-04-12 16:39:54,6.7039800000000005
2021-04-12 16:40:34,6.69782
2021-04-12 16:41:14,6.687130000000001
2021-04-12 16:41:54,6.68013
2021-04-12 16:42:34,6.67392
2021-04-12 16:43:14,6.6646399999999995
2021-04-12 16:43:54,6.66335
2021-04-12 16:44:34,6.65083
2021-04-12 16:45:15,6.64573
2021-04-12 16:45:55,6.6402600000000005
2021-04-12 16:46:35,6.625939999999999
2021-04-12 16:47:15,6.620939999999999
2021-04-12 16:47:55,6.6132
2021-04-12 16:48:35,6.61228
2021-04-12 16:49:15,6.6054699999999995
2021-04-12 16:49:55,6.59599
2021-04-12 16:50:36,6.592410000000001
2021-04-12 16:51:16,6.584689999999999
2021-04-12 16:51:56,6.57194
2021-04-12 16:52:36,6.5693
2021-04-12 16:53:16,6.56113
2021-04-12 16:53:56,6.55307
2021-04-12 16:54:36,6.55238
2021-04-12 16:55:16,6.54131
2021-04-12 16:55:57,6.53651
2021-04-12 16:56:37,6.52557
2021-04-12 16:57:17,6.52559
2021-04-12 16:57:57,6.52294
2021-04-12 16:58:37,6.51213
2021-04-12 16:59:17,6.49795
2021-04-12 16:59:57,6.49414
2021-04-12 17:00:38,6.48537
2021-04-12 17:01:18,6.478280000000001
2021-04-12 17:01:58,6.47657
2021-04-12 17:02:38,6.47369
2021-04-12 17:03:18,6.45706
2021-04-12 17:03:58,6.4548
2021-04-12 17:04:38,6.4449
2021-04-12 17:05:18,6.4397400000000005
2021-04-12 17:05:59,6.4299599999999995
2021-04-12 17:06:39,6.43253
2021-04-12 17:07:19,6.42668
2021-04-12 17:07:59,6.4187
2021-04-12 17:08:39,6.41335
2021-04-12 17:09:19,6.4101300000000005
2021-04-12 17:09:59,6.39622
2021-04-12 17:10:40,6.38968
2021-04-12 17:11:20,6.38411
2021-04-12 17:12:00,6.37915
2021-04-12 17:12:40,6.3735599999999994
2021-04-12 17:13:20,6.36479
2021-04-12 17:14:00,6.36643
2021-04-12 17:14:40,6.3538
2021-04-12 17:15:20,6.34955
2021-04-12 17:16:01,6.33979
2021-04-12 17:16:41,6.33561
2021-04-12 17:17:21,6.32841
2021-04-12 17:18:01,6.33065
2021-04-12 17:18:41,6.3229
2021-04-12 17:19:21,6.3158
2021-04-12 17:20:02,6.30435
2021-04-12 17:20:42,6.2937
2021-04-12 17:21:22,6.29528
2021-04-12 17:22:02,6.28448
2021-04-12 17:22:42,6.27827
2021-04-12 17:23:22,6.2751
2021-04-12 17:24:02,6.27008
2021-04-12 17:24:43,6.25929
2021-04-12 17:25:23,6.25603
2021-04-12 17:26:03,6.25255
2021-04-12 17:26:43,6.243930000000001
2021-04-12 17:27:23,6.2386
2021-04-12 17:28:03,6.23618
2021-04-12 17:28:43,6.23335
2021-04-12 17:29:23,6.21765
2021-04-12 17:30:04,6.21488
2021-04-12 17:30:44,6.21673
2021-04-12 17:31:24,6.2087
2021-04-12 17:32:04,6.20446
2021-04-12 17:32:44,6.19364
2021-04-12 17:33:24,6.183680000000001
2021-04-12 17:34:04,6.18009
2021-04-12 17:34:44,6.1768
2021-04-12 17:35:25,6.1708
2021-04-12 17:36:05,6.168159999999999
2021-04-12 17:36:45,6.15742
2021-04-12 17:37:25,6.15487
2021-04-12 17:38:05,6.14422
2021-04-12 17:38:45,6.14267
2021-04-12 17:39:25,6.13422
2021-04-12 17:40:05,6.13224
2021-04-12 17:40:45,6.1285
2021-04-12 17:41:26,6.11992
2021-04-12 17:42:06,6.11445
2021-04-12 17:42:46,6.11486
2021-04-12 17:43:26,6.1052
2021-04-12 17:44:06,6.09313
2021-04-12 17:44:46,6.08749
2021-04-12 17:45:26,6.0824300000000004
2021-04-12 17:46:06,6.075130000000001
2021-04-12 17:46:46,6.0713
2021-04-12 17:47:27,6.06238
2021-04-12 17:48:07,6.06451
2021-04-12 17:48:47,6.052919999999999
2021-04-12 17:49:27,6.05045
2021-04-12 17:50:07,6.04557
2021-04-12 17:50:47,6.041519999999999
2021-04-12 17:51:27,6.03101
2021-04-12 17:52:07,6.02614
2021-04-12 17:52:48,6.02191
2021-04-12 17:53:28,6.0206
2021-04-12 17:54:08,6.00788
2021-04-12 17:54:48,6.0067699999999995
2021-04-12 17:55:28,6.00288
2021-04-12 17:56:08,5.98956
2021-04-12 17:56:48,5.9890300000000005
2021-04-12 17:57:29,5.9823699999999995
2021-04-12 17:58:09,5.979030000000001
2021-04-12 17:58:49,5.96927
2021-04-12 17:59:29,5.96453
2021-04-12 18:00:09,5.96116
2021-04-12 18:00:49,5.95605
2021-04-12 18:01:30,5.94649
2021-04-12 18:02:10,5.948869999999999
2021-04-12 18:02:50,5.93786
2021-04-12 18:03:30,5.93521
2021-04-12 18:04:10,5.925330000000001
2021-04-12 18:04:50,5.91932
2021-04-12 18:05:30,5.910069999999999
2021-04-12 18:06:10,5.9139
2021-04-12 18:06:50,5.908919999999999
2021-04-12 18:07:31,5.89631
2021-04-12 18:08:11,5.89227
2021-04-12 18:08:51,5.88738
2021-04-12 18:09:31,5.88058
2021-04-12 18:10:11,5.8745199999999995
2021-04-12 18:10:51,5.87071
2021-04-12 18:11:31,5.87139
2021-04-12 18:12:11,5.85973
2021-04-12 18:12:51,5.85532
2021-04-12 18:13:32,5.85233
2021-04-12 18:14:12,5.84663
2021-04-12 18:14:52,5.83753
2021-04-12 18:15:32,5.8324300000000004
2021-04-12 18:16:12,5.83432
2021-04-12 18:16:52,5.82421
2021-04-12 18:17:32,5.81877
2021-04-12 18:18:12,5.81965
2021-04-12 18:18:52,5.8111
2021-04-12 18:19:32,5.80348
2021-04-12 18:20:13,5.79932
2021-04-12 18:20:53,5.79304
2021-04-12 18:21:33,5.7837
2021-04-12 18:22:13,5.78766
2021-04-12 18:22:53,5.77762
2021-04-12 18:23:33,5.77061
2021-04-12 18:24:13,5.76411
2021-04-12 18:24:53,5.76386
2021-04-12 18:25:34,5.75795
2021-04-12 18:26:14,5.75143
2021-04-12 18:26:54,5.74844
2021-04-12 18:27:34,5.73959
2021-04-12 18:28:14,5.736219999999999
2021-04-12 18:28:54,5.7285
2021-04-12 18:29:34,5.727609999999999
2021-04-12 18:30:14,5.721080000000001
2021-04-12 18:30:54,5.71245
2021-04-12 18:31:35,5.712330000000001
2021-04-12 18:32:15,5.70377
2021-04-12 18:32:55,5.6982
2021-04-12 18:33:35,5.695180000000001
2021-04-12 18:34:15,5.69074
2021-04-12 18:34:55,5.68412
2021-04-12 18:35:35,5.67725
2021-04-12 18:36:15,5.67148
2021-04-12 18:36:55,5.66988
2021-04-12 18:37:36,5.66723
2021-04-12 18:38:16,5.6572
2021-04-12 18:38:56,5.6517
2021-04-12 18:39:36,5.64999
2021-04-12 18:40:16,5.6456599999999995
2021-04-12 18:40:56,5.63547
2021-04-12 18:41:36,5.62975
2021-04-12 18:42:16,5.62701
2021-04-12 18:42:56,5.6185
2021-04-12 18:43:37,5.615
2021-04-12 18:44:17,5.60652
2021-04-12 18:44:57,5.60535
2021-04-12 18:45:37,5.60278
2021-04-12 18:46:17,5.59513
2021-04-12 18:46:57,5.59425
2021-04-12 18:47:37,5.58683
2021-04-12 18:48:17,5.58061
2021-04-12 18:48:58,5.57863
2021-04-12 18:49:38,5.57183
2021-04-12 18:50:18,5.565169999999999
2021-04-12 18:50:58,5.56538
2021-04-12 18:51:38,5.55936
2021-04-12 18:52:18,5.55425
2021-04-12 18:52:58,5.54284
2021-04-12 18:53:39,5.53829
2021-04-12 18:54:19,5.53444
2021-04-12 18:54:59,5.53405
2021-04-12 18:55:39,5.527019999999999
2021-04-12 18:56:19,5.51885
2021-04-12 18:56:59,5.51654
2021-04-12 18:57:39,5.51504
2021-04-12 18:58:20,5.510619999999999
2021-04-12 18:59:00,5.50256
2021-04-12 18:59:40,5.4964900000000005
2021-04-12 19:00:20,5.49221
2021-04-12 19:01:00,5.48926
2021-04-12 19:01:40,5.485040000000001
2021-04-12 19:02:20,5.47527
2021-04-12 19:03:00,5.47492
2021-04-12 19:03:41,5.46801
2021-04-12 19:04:21,5.4652199999999995
2021-04-12 19:05:01,5.459230000000001
2021-04-12 19:05:41,5.45556
2021-04-12 19:06:21,5.45045
2021-04-12 19:07:01,5.45109
2021-04-12 19:07:41,5.4423
2021-04-12 19:08:22,5.43841
2021-04-12 19:09:02,5.431830000000001
2021-04-12 19:09:42,5.42098
2021-04-12 19:10:22,5.42634
2021-04-12 19:11:02,5.41525
2021-04-12 19:11:42,5.41159
2021-04-12 19:12:22,5.40942
2021-04-12 19:13:03,5.40491
2021-04-12 19:13:43,5.39888
2021-04-12 19:14:23,5.39495
2021-04-12 19:15:03,5.3937800000000005
2021-04-12 19:15:43,5.38373
2021-04-12 19:16:23,5.37896
2021-04-12 19:17:03,5.3739099999999995
2021-04-12 19:17:43,5.3738
2021-04-12 19:18:24,5.3674800000000005
2021-04-12 19:19:04,5.35921
2021-04-12 19:19:44,5.35656
2021-04-12 19:20:24,5.354369999999999
2021-04-12 19:21:04,5.35139
2021-04-12 19:21:44,5.34618
2021-04-12 19:22:24,5.343030000000001
2021-04-12 19:23:04,5.3376
2021-04-12 19:23:44,5.33265
2021-04-12 19:24:25,5.32827
2021-04-12 19:25:05,5.32186
2021-04-12 19:25:45,5.3139
2021-04-12 19:26:25,5.3128
2021-04-12 19:27:05,5.30425
2021-04-12 19:27:45,5.30032
2021-04-12 19:28:25,5.29462
2021-04-12 19:29:05,5.29156
2021-04-12 19:29:46,5.2892
2021-04-12 19:30:26,5.287640000000001
2021-04-12 19:31:06,5.27993
2021-04-12 19:31:46,5.27369
2021-04-12 19:32:26,5.2697
2021-04-12 19:33:06,5.2664800000000005
2021-04-12 19:33:46,5.2607
2021-04-12 19:34:26,5.25525
2021-04-12 19:35:06,5.2493099999999995
2021-04-12 19:35:47,5.25249
2021-04-12 19:36:27,5.24325
2021-04-12 19:37:07,5.23799
2021-04-12 19:37:47,5.23062
2021-04-12 19:38:27,5.2260599999999995
2021-04-12 19:39:07,5.2249
2021-04-12 19:39:48,5.21946
2021-04-12 19:40:28,5.2118400000000005
2021-04-12 19:41:08,5.2143
2021-04-12 19:41:48,5.2059
2021-04-12 19:42:28,5.20477
2021-04-12 19:43:08,5.19842
2021-04-12 19:43:48,5.19452
2021-04-12 19:44:29,5.19157
2021-04-12 19:45:09,5.18539
2021-04-12 19:45:49,5.18452
2021-04-12 19:46:29,5.17933
2021-04-12 19:47:09,5.16993
2021-04-12 19:47:49,5.16843
2021-04-12 19:48:29,5.16844
2021-04-12 19:49:09,5.160880000000001
2021-04-12 19:49:50,5.15661
2021-04-12 19:50:30,5.15212
2021-04-12 19:51:10,5.14953
2021-04-12 19:51:50,5.14885
2021-04-12 19:52:30,5.13966
2021-04-12 19:53:10,5.13587
2021-04-12 19:53:50,5.13124
2021-04-12 19:54:30,5.1268199999999995
2021-04-12 19:55:10,5.1277
2021-04-12 19:55:51,5.11774
2021-04-12 19:56:31,5.113630000000001
2021-04-12 19:57:11,5.10925
2021-04-12 19:57:51,5.1066400000000005
2021-04-12 19:58:31,5.10109
2021-04-12 19:59:11,5.09759
2021-04-12 19:59:51,5.09324
2021-04-12 20:00:31,5.08943
2021-04-12 20:01:12,5.08405
2021-04-12 20:01:52,5.07903
2021-04-12 20:02:32,5.07682
2021-04-12 20:03:12,5.0738199999999996
2021-04-12 20:03:52,5.0698099999999995
2021-04-12 20:04:32,5.06416
2021-04-12 20:05:12,5.06229
2021-04-12 20:05:52,5.05821
2021-04-12 20:06:33,5.050680000000001
2021-04-12 20:07:13,5.05123
2021-04-12 20:07:53,5.0444
2021-04-12 20:08:33,5.03716
2021-04-12 20:09:13,5.03368
2021-04-12 20:09:53,5.0298300000000005
2021-04-12 20:10:33,5.0279
2021-04-12 20:11:14,5.02192
2021-04-12 20:11:54,5.016719999999999
2021-04-12 20:12:34,5.01622
2021-04-12 20:13:14,5.01281
2021-04-12 20:13:54,5.00753
2021-04-12 20:14:34,5.00094
2021-04-12 20:15:14,4.99846
2021-04-12 20:15:54,4.99579
2021-04-12 20:16:34,4.99028
2021-04-12 20:17:15,4.98646
2021-04-12 20:17:55,4.98259
2021-04-12 20:18:35,4.97665
2021-04-12 20:19:15,4.97296
2021-04-12 20:19:55,4.96865
2021-04-12 20:20:35,4.96277
2021-04-12 20:21:15,4.96586
2021-04-12 20:21:55,4.9558
2021-04-12 20:22:35,4.956169999999999
2021-04-12 20:23:16,4.94921
2021-04-12 20:23:56,4.9462
2021-04-12 20:24:36,4.94229
2021-04-12 20:25:16,4.94142
2021-04-12 20:25:56,4.93445
2021-04-12 20:26:36,4.92826
2021-04-12 20:27:16,4.92626
2021-04-12 20:27:56,4.92364
2021-04-12 20:28:36,4.91729
2021-04-12 20:29:17,4.91535
2021-04-12 20:29:57,4.91309
2021-04-12 20:30:37,4.9075
2021-04-12 20:31:17,4.89885
2021-04-12 20:31:57,4.89912
2021-04-12 20:32:37,4.897469999999999
2021-04-12 20:33:17,4.8928
2021-04-12 20:33:57,4.88704
2021-04-12 20:34:38,4.88359
2021-04-12 20:35:18,4.8817900000000005
2021-04-12 20:35:58,4.87554
2021-04-12 20:36:38,4.87477
2021-04-12 20:37:18,4.86996
2021-04-12 20:37:58,4.86559
2021-04-12 20:38:38,4.86123
2021-04-12 20:39:19,4.85904
2021-04-12 20:39:59,4.85916
2021-04-12 20:40:39,4.8476
2021-04-12 20:41:19,4.846480000000001
2021-04-12 20:41:59,4.84457
2021-04-12 20:42:39,4.83896
2021-04-12 20:43:19,4.83969
2021-04-12 20:43:59,4.83208
2021-04-12 20:44:40,4.82822
2021-04-12 20:45:20,4.82956
2021-04-12 20:46:00,4.82158
2021-04-12 20:46:40,4.81995
2021-04-12 20:47:20,4.81562
2021-04-12 20:48:00,4.81428
2021-04-12 20:48:40,4.81161
2021-04-12 20:49:20,4.80503
2021-04-12 20:50:00,4.80243
2021-04-12 20:50:41,4.79419
2021-04-12 20:51:21,4.79073
2021-04-12 20:52:01,4.79015
2021-04-12 20:52:41,4.78765
2021-04-12 20:53:21,4.78316
2021-04-12 20:54:01,4.77893
2021-04-12 20:54:41,4.77534
2021-04-12 20:55:22,4.77471
2021-04-12 20:56:02,4.76572
2021-04-12 20:56:42,4.76193
2021-04-12 20:57:22,4.76273
2021-04-12 20:58:02,4.7552900000000005
2021-04-12 20:58:42,4.75329
2021-04-12 20:59:22,4.75063
2021-04-12 21:00:02,4.7462599999999995
2021-04-12 21:00:42,4.7417300000000004
2021-04-12 21:01:23,4.73781
2021-04-12 21:02:03,4.73186
2021-04-12 21:02:43,4.72987
2021-04-12 21:03:23,4.7277
2021-04-12 21:04:03,4.72109
2021-04-12 21:04:43,4.71749
2021-04-12 21:05:23,4.71304
2021-04-12 21:06:03,4.70978
2021-04-12 21:06:44,4.70613
2021-04-12 21:07:24,4.70328
2021-04-12 21:08:04,4.69998
2021-04-12 21:08:44,4.69259
2021-04-12 21:09:24,4.69014
2021-04-12 21:10:04,4.68816
2021-04-12 21:10:44,4.68202
2021-04-12 21:11:25,4.682169999999999
2021-04-12 21:12:05,4.67357
2021-04-12 21:12:45,4.673430000000001
2021-04-12 21:13:25,4.6756
2021-04-12 21:14:05,4.66763
2021-04-12 21:14:45,4.65993
2021-04-12 21:15:25,4.65889
2021-04-12 21:16:06,4.65376
2021-04-12 21:16:46,4.65119
2021-04-12 21:17:26,4.64692
2021-04-12 21:18:06,4.644
2021-04-12 21:18:46,4.6401699999999995
2021-04-12 21:19:26,4.6325199999999995
2021-04-12 21:20:07,4.63455
2021-04-12 21:20:47,4.62871
2021-04-12 21:21:27,4.62678
2021-04-12 21:22:07,4.62132
2021-04-12 21:22:47,4.6185
2021-04-12 21:23:27,4.61602
2021-04-12 21:24:07,4.612480000000001
2021-04-12 21:24:47,4.60996
2021-04-12 21:25:28,4.60767
2021-04-12 21:26:08,4.605090000000001
2021-04-12 21:26:48,4.59854
2021-04-12 21:27:28,4.59702
2021-04-12 21:28:08,4.59227
2021-04-12 21:28:48,4.59011
2021-04-12 21:29:28,4.58568
2021-04-12 21:30:09,4.58329
2021-04-12 21:30:49,4.57829
2021-04-12 21:31:29,4.5772900000000005
2021-04-12 21:32:09,4.57439
2021-04-12 21:32:49,4.57224
2021-04-12 21:33:29,4.56835
2021-04-12 21:34:09,4.56404
2021-04-12 21:34:49,4.56168
2021-04-12 21:35:30,4.55957
2021-04-12 21:36:10,4.5557300000000005
2021-04-12 21:36:50,4.5536900000000005
2021-04-12 21:37:30,4.548
2021-04-12 21:38:10,4.54576
2021-04-12 21:38:50,4.54001
2021-04-12 21:39:30,4.53676
2021-04-12 21:40:11,4.53757
2021-04-12 21:40:51,4.53338
2021-04-12 21:41:31,4.52821
2021-04-12 21:42:11,4.53134
2021-04-12 21:42:51,4.52267
2021-04-12 21:43:31,4.51935
2021-04-12 21:44:11,4.51443
2021-04-12 21:44:52,4.51306
2021-04-12 21:45:32,4.51082
2021-04-12 21:46:12,4.5075400000000005
2021-04-12 21:46:52,4.50488
2021-04-12 21:47:32,4.50126
2021-04-12 21:48:12,4.50393
2021-04-12 21:48:52,4.49667
2021-04-12 21:49:32,4.4934
2021-04-12 21:50:13,4.4892900000000004
2021-04-12 21:50:53,4.49094
2021-04-12 21:51:33,4.48565
2021-04-12 21:52:13,4.47889
2021-04-12 21:52:53,4.47755
2021-04-12 21:53:34,4.4751199999999995
2021-04-12 21:54:14,4.47205
2021-04-12 21:54:54,4.46706
2021-04-12 21:55:34,4.46625
2021-04-12 21:56:14,4.4608099999999995
2021-04-12 21:56:54,4.458559999999999
2021-04-12 21:57:34,4.45186
2021-04-12 21:58:14,4.45169
2021-04-12 21:58:54,4.45211
2021-04-12 21:59:35,4.44906
2021-04-12 22:00:15,4.4455800000000005
2021-04-12 22:00:55,4.443219999999999
2021-04-12 22:01:35,4.43577
2021-04-12 22:02:15,4.43519
2021-04-12 22:02:55,4.43246
2021-04-12 22:03:35,4.42858
2021-04-12 22:04:15,4.42317
2021-04-12 22:04:56,4.42125
2021-04-12 22:05:36,4.42065
2021-04-12 22:06:16,4.41416
2021-04-12 22:06:56,4.41338
2021-04-12 22:07:36,4.41026
2021-04-12 22:08:16,4.40678
2021-04-12 22:08:56,4.40511
2021-04-12 22:09:36,4.40059
2021-04-12 22:10:16,4.3968
2021-04-12 22:10:57,4.392180000000001
2021-04-12 22:11:37,4.393669999999999
2021-04-12 22:12:17,4.38826
2021-04-12 22:12:57,4.3853
2021-04-12 22:13:37,4.38084
2021-04-12 22:14:17,4.37897
2021-04-12 22:14:57,4.37309
2021-04-12 22:15:37,4.37287
2021-04-12 22:16:17,4.3704
2021-04-12 22:16:58,4.365130000000001
2021-04-12 22:17:38,4.3672
2021-04-12 22:18:18,4.35991
2021-04-12 22:18:58,4.35755
2021-04-12 22:19:38,4.35803
2021-04-12 22:20:18,4.35382
2021-04-12 22:20:58,4.35239
2021-04-12 22:21:38,4.34627
2021-04-12 22:22:19,4.34408
2021-04-12 22:22:59,4.342969999999999
2021-04-12 22:23:39,4.3392800000000005
2021-04-12 22:24:19,4.337359999999999
2021-04-12 22:24:59,4.33491
2021-04-12 22:25:39,4.33257
2021-04-12 22:26:19,4.32952
2021-04-12 22:27:00,4.3257
2021-04-12 22:27:40,4.323580000000001
2021-04-12 22:28:20,4.32294
2021-04-12 22:29:00,4.3188
2021-04-12 22:29:40,4.31736
2021-04-12 22:30:20,4.31237
2021-04-12 22:31:00,4.31267
2021-04-12 22:31:40,4.307919999999999
2021-04-12 22:32:21,4.305219999999999
2021-04-12 22:33:01,4.303669999999999
2021-04-12 22:33:41,4.2993
2021-04-12 22:34:21,4.29741
2021-04-12 22:35:01,4.29825
2021-04-12 22:35:41,4.29175
2021-04-12 22:36:21,4.29235
2021-04-12 22:37:02,4.28883
2021-04-12 22:37:42,4.28315
2021-04-12 22:38:22,4.28261
2021-04-12 22:39:02,4.2811
2021-04-12 22:39:42,4.278519999999999
2021-04-12 22:40:22,4.276590000000001
2021-04-12 22:41:02,4.27694
2021-04-12 22:41:42,4.275
2021-04-12 22:42:23,4.26912
2021-04-12 22:43:03,4.26697
2021-04-12 22:43:43,4.26162
2021-04-12 22:44:23,4.2614
2021-04-12 22:45:03,4.25862
2021-04-12 22:45:43,4.25415
2021-04-12 22:46:23,4.25442
2021-04-12 22:47:03,4.2529900000000005
2021-04-12 22:47:43,4.24944
2021-04-12 22:48:24,4.24455
2021-04-12 22:49:04,4.2451300000000005
2021-04-12 22:49:44,4.24412
2021-04-12 22:50:24,4.24187
2021-04-12 22:51:04,4.23648
2021-04-12 22:51:44,4.23625
2021-04-12 22:52:24,4.2326
2021-04-12 22:53:05,4.23044
2021-04-12 22:53:45,4.22949
2021-04-12 22:54:25,4.22692
2021-04-12 22:55:05,4.22348
2021-04-12 22:55:45,4.22046
2021-04-12 22:56:25,4.21914
2021-04-12 22:57:05,4.2198
2021-04-12 22:57:46,4.21327
2021-04-12 22:58:26,4.2114400000000005
2021-04-12 22:59:06,4.21026
2021-04-12 22:59:46,4.20906
2021-04-12 23:00:26,4.20673
2021-04-12 23:01:06,4.2053400000000005
2021-04-12 23:01:46,4.20441
2021-04-12 23:02:26,4.1978800000000005
2021-04-12 23:03:06,4.19813
2021-04-12 23:03:47,4.19489
2021-04-12 23:04:27,4.19564
2021-04-12 23:05:07,4.19434
2021-04-12 23:05:47,4.19185
2021-04-12 23:06:27,4.1896
2021-04-12 23:07:07,4.18443
2021-04-12 23:07:47,4.18305
2021-04-12 23:08:27,4.18571
2021-04-12 23:09:08,4.17891
2021-04-12 23:09:48,4.17836
2021-04-12 23:10:28,4.174869999999999
2021-04-12 23:11:08,4.17287
2021-04-12 23:11:48,4.17175
2021-04-12 23:12:28,4.16974
2021-04-12 23:13:08,4.16901
2021-04-12 23:13:48,4.16819
2021-04-12 23:14:29,4.16829
2021-04-12 23:15:09,4.16384
2021-04-12 23:15:49,4.16367
2021-04-12 23:16:29,4.16144
2021-04-12 23:17:09,4.155930000000001
2021-04-12 23:17:49,4.15407
2021-04-12 23:18:29,4.15572
2021-04-12 23:19:09,4.15536
2021-04-12 23:19:50,4.15115
2021-04-12 23:20:30,4.15069
2021-04-12 23:21:10,4.14851
2021-04-12 23:21:50,4.14944
2021-04-12 23:22:30,4.14109
2021-04-12 23:23:10,4.14436
2021-04-12 23:23:50,4.142
2021-04-12 23:24:30,4.14182
2021-04-12 23:25:11,4.13575
2021-04-12 23:25:51,4.1386
2021-04-12 23:26:31,4.136369999999999
2021-04-12 23:27:11,4.1348199999999995
2021-04-12 23:27:51,4.13485
2021-04-12 23:28:31,4.13258
2021-04-12 23:29:11,4.13094
2021-04-12 23:29:52,4.1274
2021-04-12 23:30:32,4.12616
2021-04-12 23:31:12,4.12536
2021-04-12 23:31:52,4.12565
2021-04-12 23:32:32,4.1231800000000005
2021-04-12 23:33:12,4.12381
2021-04-12 23:33:52,4.1237
2021-04-12 23:34:32,4.12119
2021-04-12 23:35:13,4.11639
2021-04-12 23:35:53,4.11774
2021-04-12 23:36:33,4.11385
2021-04-12 23:37:13,4.11487
2021-04-12 23:37:53,4.11364
2021-04-12 23:38:33,4.11255
2021-04-12 23:39:13,4.11091
2021-04-12 23:39:53,4.10979
2021-04-12 23:40:33,4.10936
2021-04-12 23:41:13,4.10419
2021-04-12 23:41:54,4.10195
2021-04-12 23:42:34,4.10352
2021-04-12 23:43:14,4.10302
2021-04-12 23:43:54,4.10151
2021-04-12 23:44:34,4.10001
2021-04-12 23:45:14,4.09925
2021-04-12 23:45:54,4.1005199999999995
2021-04-12 23:46:35,4.09558
2021-04-12 23:47:15,4.09382
2021-04-12 23:47:55,4.0940199999999995
2021-04-12 23:48:35,4.09765
2021-04-12 23:49:15,4.092
2021-04-12 23:49:55,4.09243
2021-04-12 23:50:36,4.09309
2021-04-12 23:51:16,4.08847
2021-04-12 23:51:56,4.08962
2021-04-12 23:52:36,4.08663
2021-04-12 23:53:16,4.08637
2021-04-12 23:53:56,4.08599
2021-04-12 23:54:36,4.0822400000000005
2021-04-12 23:55:16,4.08324
2021-04-12 23:55:57,4.08183
2021-04-12 23:56:37,4.08111
2021-04-12 23:57:17,4.0793800000000005
2021-04-12 23:57:57,4.07989
2021-04-12 23:58:37,4.07787
2021-04-12 23:59:17,4.07565
2021-04-12 23:59:57,4.078
2021-04-13 00:00:37,4.076280000000001
2021-04-13 00:01:18,4.0740300000000005
2021-04-13 00:01:58,4.07377
2021-04-13 00:02:38,4.0776699999999995
2021-04-13 00:03:18,4.07178
2021-04-13 00:03:58,4.07172
2021-04-13 00:04:38,4.07083
2021-04-13 00:05:18,4.07019
2021-04-13 00:05:58,4.0697
2021-04-13 00:06:39,4.07039
2021-04-13 00:07:19,4.06743
2021-04-13 00:07:59,4.06663
2021-04-13 00:08:39,4.067480000000001
2021-04-13 00:09:19,4.06721
2021-04-13 00:09:59,4.06652
2021-04-13 00:10:39,4.06361
2021-04-13 00:11:19,4.06511
2021-04-13 00:12:00,4.06346
2021-04-13 00:12:40,4.06378
2021-04-13 00:13:20,4.0609
2021-04-13 00:14:00,4.061030000000001
2021-04-13 00:14:40,4.05957
2021-04-13 00:15:20,4.0625800000000005
2021-04-13 00:16:00,4.05996
2021-04-13 00:16:40,4.0622
2021-04-13 00:17:21,4.05583
2021-04-13 00:18:01,4.0570699999999995
2021-04-13 00:18:41,4.05777
2021-04-13 00:19:21,4.0560599999999996
2021-04-13 00:20:01,4.05598
2021-04-13 00:20:41,4.05213
2021-04-13 00:21:21,4.05337
2021-04-13 00:22:01,4.05313
2021-04-13 00:22:42,4.051740000000001
2021-04-13 00:23:22,4.05053
2021-04-13 00:24:02,4.05244
2021-04-13 00:24:42,4.05088
2021-04-13 00:25:22,4.04928
2021-04-13 00:26:02,4.04758
2021-04-13 00:26:42,4.04908
2021-04-13 00:27:22,4.0502199999999995
2021-04-13 00:28:03,4.04701
2021-04-13 00:28:43,4.04533
2021-04-13 00:29:23,4.042730000000001
2021-04-13 00:30:03,4.04755
2021-04-13 00:30:43,4.0446800000000005
2021-04-13 00:31:23,4.04306
2021-04-13 00:32:03,4.0458
2021-04-13 00:32:44,4.04576
2021-04-13 00:33:24,4.04365
2021-04-13 00:34:04,4.043740000000001
2021-04-13 00:34:44,4.04232
2021-04-13 00:35:24,4.04115
2021-04-13 00:36:04,4.04172
2021-04-13 00:36:44,4.04289
2021-04-13 00:37:24,4.039540000000001
2021-04-13 00:38:05,4.03862
2021-04-13 00:38:45,4.03975
2021-04-13 00:39:25,4.041180000000001
2021-04-13 00:40:05,4.04381
2021-04-13 00:40:45,4.03987
2021-04-13 00:41:25,4.04106
2021-04-13 00:42:05,4.03786
2021-04-13 00:42:45,4.03866
2021-04-13 00:43:26,4.03737
2021-04-13 00:44:06,4.03592
2021-04-13 00:44:46,4.03458
2021-04-13 00:45:26,4.03529
2021-04-13 00:46:06,4.0355
2021-04-13 00:46:46,4.03444
2021-04-13 00:47:26,4.0345699999999995
2021-04-13 00:48:07,4.03557
2021-04-13 00:48:47,4.03585
2021-04-13 00:49:27,4.03102
2021-04-13 00:50:07,4.0364
2021-04-13 00:50:47,4.03469
2021-04-13 00:51:27,4.03429
2021-04-13 00:52:07,4.03012
2021-04-13 00:52:47,4.03239
2021-04-13 00:53:28,4.03287
2021-04-13 00:54:08,4.03111
2021-04-13 00:54:48,4.02963
2021-04-13 00:55:28,4.03351
2021-04-13 00:56:08,4.03287
2021-04-13 00:56:48,4.03109
2021-04-13 00:57:28,4.03292
2021-04-13 00:58:08,4.03251
2021-04-13 00:58:49,4.03142
2021-04-13 00:59:29,4.02914
2021-04-13 01:00:09,4.02781
2021-04-13 01:00:49,4.02792
2021-04-13 01:01:29,4.02729
2021-04-13 01:02:09,4.02649
2021-04-13 01:02:49,4.02801
2021-04-13 01:03:29,4.0268
2021-04-13 01:04:09,4.0241
2021-04-13 01:04:50,4.0228
2021-04-13 01:05:30,4.02614
2021-04-13 01:06:10,4.02516
2021-04-13 01:06:50,4.0258400000000005
2021-04-13 01:07:30,4.02073
2021-04-13 01:08:10,4.02347
2021-04-13 01:08:50,4.02411
2021-04-13 01:09:31,4.0241
2021-04-13 01:10:11,4.0218
2021-04-13 01:10:51,4.02343
2021-04-13 01:11:31,4.0206599999999995
2021-04-13 01:12:11,4.022530000000001
2021-04-13 01:12:51,4.02154
2021-04-13 01:13:31,4.02111
2021-04-13 01:14:11,4.01966
2021-04-13 01:14:51,4.019830000000001
2021-04-13 01:15:32,4.01799
2021-04-13 01:16:12,4.02153
2021-04-13 01:16:52,4.01888
2021-04-13 01:17:32,4.01825
2021-04-13 01:18:12,4.0185699999999995
2021-04-13 01:18:52,4.019
2021-04-13 01:19:32,4.01785
2021-04-13 01:20:12,4.0212
2021-04-13 01:20:53,4.01779
2021-04-13 01:21:33,4.01639
2021-04-13 01:22:13,4.01671
2021-04-13 01:22:53,4.01773
2021-04-13 01:23:33,4.01366
2021-04-13 01:24:13,4.0145
2021-04-13 01:24:53,4.01769
2021-04-13 01:25:33,4.0144
2021-04-13 01:26:14,4.01467
2021-04-13 01:26:54,4.014480000000001
2021-04-13 01:27:34,4.01534
2021-04-13 01:28:14,4.0126
2021-04-13 01:28:54,4.01105
2021-04-13 01:29:34,4.01623
2021-04-13 01:30:14,4.0124
2021-04-13 01:30:54,4.01089
2021-04-13 01:31:34,4.01053
2021-04-13 01:32:15,4.01408
2021-04-13 01:32:55,4.01231
2021-04-13 01:33:35,4.00946
2021-04-13 01:34:15,4.0096300000000005
2021-04-13 01:34:55,4.01138
2021-04-13 01:35:35,4.0079400000000005
2021-04-13 01:36:15,4.00895
2021-04-13 01:36:55,4.00858
2021-04-13 01:37:35,4.00991
2021-04-13 01:38:16,4.0075400000000005
2021-04-13 01:38:56,4.00786
2021-04-13 01:39:36,4.00743
2021-04-13 01:40:16,4.00546
2021-04-13 01:40:56,4.00816
2021-04-13 01:41:36,4.00818
2021-04-13 01:42:17,4.00774
2021-04-13 01:42:57,4.00633
2021-04-13 01:43:37,4.00587
2021-04-13 01:44:17,4.0084800000000005
2021-04-13 01:44:57,4.0080599999999995
2021-04-13 01:45:37,4.00442
2021-04-13 01:46:17,4.00814
2021-04-13 01:46:58,4.01052
2021-04-13 01:47:38,4.00799
2021-04-13 01:48:18,4.0036
2021-04-13 01:48:58,4.00599
2021-04-13 01:49:38,4.00525
2021-04-13 01:50:18,4.00497
2021-04-13 01:50:58,4.00284
2021-04-13 01:51:38,4.00645
2021-04-13 01:52:19,4.00314
2021-04-13 01:52:59,4.00188
2021-04-13 01:53:39,4.0003
2021-04-13 01:54:19,4.0014400000000006
2021-04-13 01:54:59,4.001119999999999
2021-04-13 01:55:39,4.0016300000000005
2021-04-13 01:56:19,4.00074
2021-04-13 01:56:59,3.9984699999999997
2021-04-13 01:57:39,3.99894
2021-04-13 01:58:20,3.9973199999999998
2021-04-13 01:59:00,3.99865
2021-04-13 01:59:40,3.99641
2021-04-13 02:00:20,3.9966199999999996
2021-04-13 02:01:00,3.99835
2021-04-13 02:01:40,4.000290000000001
2021-04-13 02:02:20,3.9969900000000003
2021-04-13 02:03:00,3.99514
2021-04-13 02:03:41,3.99715
2021-04-13 02:04:21,3.9965900000000003
2021-04-13 02:05:01,3.9963800000000003
2021-04-13 02:05:41,3.99588
2021-04-13 02:06:21,3.9984900000000003
2021-04-13 02:07:01,3.99555
2021-04-13 02:07:41,3.99643
2021-04-13 02:08:21,3.99696
2021-04-13 02:09:02,3.99549
2021-04-13 02:09:42,3.9946
2021-04-13 02:10:22,3.9946300000000003
2021-04-13 02:11:02,3.9954099999999997
2021-04-13 02:11:42,3.9975099999999997
2021-04-13 02:12:22,3.99329
2021-04-13 02:13:02,3.9975400000000003
2021-04-13 02:13:42,3.9961599999999997
2021-04-13 02:14:22,3.9952199999999998
2021-04-13 02:15:03,3.9954400000000003
2021-04-13 02:15:43,3.99356
2021-04-13 02:16:23,3.99631
2021-04-13 02:17:03,3.99241
2021-04-13 02:17:43,3.9934199999999995
2021-04-13 02:18:23,3.99485
2021-04-13 02:19:03,3.99093
2021-04-13 02:19:44,3.99005
2021-04-13 02:20:24,3.98993
2021-04-13 02:21:04,3.99221
2021-04-13 02:21:44,3.9893199999999998
2021-04-13 02:22:24,3.98959
2021-04-13 02:23:04,3.9933199999999998
2021-04-13 02:23:44,3.99252
2021-04-13 02:24:25,3.9906800000000002
2021-04-13 02:25:05,3.9919300000000004
2021-04-13 02:25:45,3.9913800000000004
2021-04-13 02:26:25,3.98906
2021-04-13 02:27:05,3.99255
2021-04-13 02:27:45,3.98998
2021-04-13 02:28:25,3.99177
2021-04-13 02:29:05,3.98889
2021-04-13 02:29:46,3.9889900000000003
2021-04-13 02:30:26,3.9893300000000003
2021-04-13 02:31:06,3.98785
2021-04-13 02:31:46,3.98861
2021-04-13 02:32:26,3.9884
2021-04-13 02:33:06,3.9891099999999997
2021-04-13 02:33:46,3.98765
2021-04-13 02:34:26,3.98823
2021-04-13 02:35:06,3.98926
2021-04-13 02:35:47,3.9893099999999997
2021-04-13 02:36:27,3.9867800000000004
2021-04-13 02:37:07,3.98696
2021-04-13 02:37:47,3.9857199999999997
2021-04-13 02:38:27,3.98887
2021-04-13 02:39:07,3.98881
2021-04-13 02:39:47,3.98831
2021-04-13 02:40:27,3.9900800000000003
2021-04-13 02:41:08,3.9892300000000005
2021-04-13 02:41:48,3.98506
2021-04-13 02:42:28,3.9860300000000004
2021-04-13 02:43:08,3.98487
2021-04-13 02:43:48,3.98556
2021-04-13 02:44:28,3.98541
2021-04-13 02:45:08,3.9910699999999997
2021-04-13 02:45:49,3.9858300000000004
2021-04-13 02:46:29,3.98496
2021-04-13 02:47:09,3.9878400000000003
2021-04-13 02:47:49,3.9853
2021-04-13 02:48:29,3.9841599999999997
2021-04-13 02:49:09,3.9849099999999997
2021-04-13 02:49:50,3.98587
2021-04-13 02:50:30,3.98559
2021-04-13 02:51:10,3.98469
2021-04-13 02:51:50,3.984
2021-04-13 02:52:30,3.9870400000000004
2021-04-13 02:53:10,3.9831800000000004
2021-04-13 02:53:50,3.9823699999999995
2021-04-13 02:54:30,3.98305
2021-04-13 02:55:10,3.9858599999999997
2021-04-13 02:55:51,3.98641
2021-04-13 02:56:31,3.9820800000000003
2021-04-13 02:57:11,3.9845300000000003
2021-04-13 02:57:51,3.98581
2021-04-13 02:58:31,3.9815300000000002
2021-04-13 02:59:11,3.9823
2021-04-13 02:59:51,3.98314
2021-04-13 03:00:31,3.98173
2021-04-13 03:01:11,3.9826900000000003
2021-04-13 03:01:52,3.98164
2021-04-13 03:02:32,3.9817400000000003
2021-04-13 03:03:12,3.9803
2021-04-13 03:03:52,3.9796300000000002
2021-04-13 03:04:32,3.9783
2021-04-13 03:05:12,3.98275
2021-04-13 03:05:52,3.98234
2021-04-13 03:06:33,3.9814
2021-04-13 03:07:13,3.97928
2021-04-13 03:07:53,3.98074
2021-04-13 03:08:33,3.9811400000000003
2021-04-13 03:09:13,3.9810199999999996
2021-04-13 03:09:53,3.9802800000000005
2021-04-13 03:10:33,3.9781800000000005
2021-04-13 03:11:14,3.98065
2021-04-13 03:11:54,3.9794099999999997
2021-04-13 03:12:34,3.9776599999999998
2021-04-13 03:13:14,3.97833
2021-04-13 03:13:54,3.97488
2021-04-13 03:14:34,3.97611
2021-04-13 03:15:14,3.97531
2021-04-13 03:15:55,3.97404
2021-04-13 03:16:35,3.97844
2021-04-13 03:17:15,3.9811400000000003
2021-04-13 03:17:55,3.9729400000000004
2021-04-13 03:18:35,3.97744
2021-04-13 03:19:15,3.97929
2021-04-13 03:19:55,3.9772199999999995
2021-04-13 03:20:35,3.97744
2021-04-13 03:21:15,3.97767
2021-04-13 03:21:56,3.97475
2021-04-13 03:22:36,3.97701
2021-04-13 03:23:16,3.9739
2021-04-13 03:23:56,3.97516
2021-04-13 03:24:36,3.97654
2021-04-13 03:25:16,3.97609
2021-04-13 03:25:56,3.9743800000000005
2021-04-13 03:26:36,3.97468
2021-04-13 03:27:17,3.97215
2021-04-13 03:27:57,3.97215
2021-04-13 03:28:37,3.97484
2021-04-13 03:29:17,3.97243
2021-04-13 03:29:57,3.9757
2021-04-13 03:30:37,3.9729300000000003
2021-04-13 03:31:17,3.97484
2021-04-13 03:31:57,3.9742800000000003
2021-04-13 03:32:37,3.9739699999999996
2021-04-13 03:33:18,3.9755
2021-04-13 03:33:58,3.9755599999999998
2021-04-13 03:34:38,3.97393
2021-04-13 03:35:18,3.97095
2021-04-13 03:35:58,3.9761900000000003
2021-04-13 03:36:38,3.97321
2021-04-13 03:37:19,3.9744900000000003
2021-04-13 03:37:59,3.9736300000000004
2021-04-13 03:38:39,3.9757800000000003
2021-04-13 03:39:19,3.97445
2021-04-13 03:39:59,3.9764
2021-04-13 03:40:39,3.97555
2021-04-13 03:41:19,3.97477
2021-04-13 03:42:00,3.9735400000000003
2021-04-13 03:42:40,3.9738599999999997
2021-04-13 03:43:20,3.9737699999999996
2021-04-13 03:44:00,3.9704
2021-04-13 03:44:40,3.97068
2021-04-13 03:45:20,3.96929
2021-04-13 03:46:00,3.9736599999999997
2021-04-13 03:46:40,3.9708900000000003
2021-04-13 03:47:21,3.9718
2021-04-13 03:48:01,3.97114
2021-04-13 03:48:41,3.9719599999999997
2021-04-13 03:49:21,3.96982
2021-04-13 03:50:01,3.97165
2021-04-13 03:50:41,3.9721300000000004
2021-04-13 03:51:21,3.9733300000000003
2021-04-13 03:52:01,3.9720400000000002
2021-04-13 03:52:42,3.97285
2021-04-13 03:53:22,3.97235
2021-04-13 03:54:02,3.97088
2021-04-13 03:54:42,3.97255
2021-04-13 03:55:22,3.9693199999999997
2021-04-13 03:56:02,3.97125
2021-04-13 03:56:42,3.9661800000000005
2021-04-13 03:57:22,3.97267
2021-04-13 03:58:03,3.9710400000000003
2021-04-13 03:58:43,3.9695099999999996
2021-04-13 03:59:23,3.96755
2021-04-13 04:00:03,3.9681
2021-04-13 04:00:43,3.97033
2021-04-13 04:01:23,3.96763
2021-04-13 04:02:03,3.97045
2021-04-13 04:02:43,3.9707199999999996
2021-04-13 04:03:24,3.96795
2021-04-13 04:04:04,3.96717
2021-04-13 04:04:44,3.9674400000000003
2021-04-13 04:05:24,3.9675800000000003
2021-04-13 04:06:04,3.96735
2021-04-13 04:06:44,3.96463
2021-04-13 04:07:24,3.96665
2021-04-13 04:08:04,3.9699199999999997
2021-04-13 04:08:45,3.9688
2021-04-13 04:09:25,3.9641699999999997
2021-04-13 04:10:05,3.96791
2021-04-13 04:10:45,3.9694
2021-04-13 04:11:25,3.9710400000000003
2021-04-13 04:12:05,3.96938
2021-04-13 04:12:45,3.96855
2021-04-13 04:13:26,3.9690199999999995
2021-04-13 04:14:06,3.96573
2021-04-13 04:14:46,3.96785
